model,seed,SMILES_Solvent,Solvent_Name,n_rows,R2,MAE,RMSE
v1,42,C1CCCCC1,Cyclohexane,1142,0.4324044312184253,0.8549417464574812,1.077261961738715
v1,42,CN1CCCC1=O,NMP,1049,0.447316334146427,0.45428250590906516,0.5827725015239472
v1,42,CCCOC(C)=O,n-Propyl acetate,1046,0.9268810728670763,0.15983589653328753,0.21710299787051415
v1,42,CS(C)=O,DMSO,1076,0.40425631341888735,0.648789815522123,0.7961316293944074
v1,42,OCCO,Ethylene glycol,1111,0.7529510317617886,0.39698849608585934,0.5226062379836756
v2,42,C1CCCCC1,Cyclohexane,1142,0.5890050229606341,0.7122682557069978,0.9166849138265563
v2,42,CN1CCCC1=O,NMP,1049,0.6466402753899647,0.3632472500638323,0.4659821279154525
v2,42,CCCOC(C)=O,n-Propyl acetate,1046,0.9012254407436199,0.19627418411474196,0.2523326597679136
v2,42,CS(C)=O,DMSO,1076,0.6397061855399573,0.4749226961004459,0.6191324360505569
v2,42,OCCO,Ethylene glycol,1111,0.7069965675518526,0.42544842787424575,0.5691404082533377
class_cross_full98,42,C1CCCCC1,Cyclohexane,1142,0.5729043020081263,0.7349915446651029,0.9344679817150958
class_cross_full98,42,CN1CCCC1=O,NMP,1049,0.69108889697793,0.3419522126648901,0.4356899030718575
class_cross_full98,42,CCCOC(C)=O,n-Propyl acetate,1046,0.93297146515275,0.1566737340328076,0.20786471705080536
class_cross_full98,42,CS(C)=O,DMSO,1076,0.6592714926137061,0.46879652579489145,0.6020871929234551
class_cross_full98,42,OCCO,Ethylene glycol,1111,0.7198472450368979,0.4182552867972097,0.5565196660483666
class_cross_top33_valshap,42,C1CCCCC1,Cyclohexane,1142,0.6141429642308643,0.6892191926301771,0.8882087328059314
class_cross_top33_valshap,42,CN1CCCC1=O,NMP,1049,0.6307822647199235,0.37553526253922115,0.47632350539632634
class_cross_top33_valshap,42,CCCOC(C)=O,n-Propyl acetate,1046,0.8605802021165675,0.23964732150483323,0.29978723713660077
class_cross_top33_valshap,42,CS(C)=O,DMSO,1076,0.606018820981406,0.5066745433710845,0.6474301077651201
class_cross_top33_valshap,42,OCCO,Ethylene glycol,1111,0.7158772489252091,0.41467223081883253,0.5604489665020385
class_cross_top47_valshap,42,C1CCCCC1,Cyclohexane,1142,0.633177352303048,0.670605471034654,0.8660239399539554
class_cross_top47_valshap,42,CN1CCCC1=O,NMP,1049,0.7381513443535664,0.3118128173442964,0.4011307085319357
class_cross_top47_valshap,42,CCCOC(C)=O,n-Propyl acetate,1046,0.8939015513587653,0.20524911457245018,0.2615203158719591
class_cross_top47_valshap,42,CS(C)=O,DMSO,1076,0.6568037630609227,0.4641411772104683,0.60426357062014
class_cross_top47_valshap,42,OCCO,Ethylene glycol,1111,0.7186368784756343,0.4255219576612156,0.5577205587856731
class_cross_top60_valshap,42,C1CCCCC1,Cyclohexane,1142,0.6196154352090785,0.6967571057487942,0.8818876685967605
class_cross_top60_valshap,42,CN1CCCC1=O,NMP,1049,0.7268553479431843,0.3230525472871278,0.409691626100297
class_cross_top60_valshap,42,CCCOC(C)=O,n-Propyl acetate,1046,0.9061355122980448,0.19206807264119619,0.2459810054404779
class_cross_top60_valshap,42,CS(C)=O,DMSO,1076,0.6441236637825815,0.46800427186166205,0.6153252111455138
class_cross_top60_valshap,42,OCCO,Ethylene glycol,1111,0.7295355731637884,0.40759735691532273,0.5468121338921795
v1,43,C1CCCCC1,Cyclohexane,1142,0.540892501958294,0.762248130338989,0.9688555240792779
v1,43,CN1CCCC1=O,NMP,1049,0.41307528702943397,0.4703072877771467,0.6005538209889194
v1,43,CCCOC(C)=O,n-Propyl acetate,1046,0.9274782828546281,0.16051719799430111,0.21621456913579343
v1,43,CS(C)=O,DMSO,1076,0.3808384039705014,0.6687477569381077,0.8116282585811414
v1,43,OCCO,Ethylene glycol,1111,0.7293159784229526,0.4090435671109817,0.5470340719617439
v2,43,C1CCCCC1,Cyclohexane,1142,0.6170463883269531,0.6953162092822123,0.8848607101704461
v2,43,CN1CCCC1=O,NMP,1049,0.6268341441324552,0.37280615718843113,0.47886344564872957
v2,43,CCCOC(C)=O,n-Propyl acetate,1046,0.9176444121087263,0.17508449785997002,0.2304079453326606
v2,43,CS(C)=O,DMSO,1076,0.6219618487918038,0.48936229276977283,0.6341952271606248
v2,43,OCCO,Ethylene glycol,1111,0.7321848436047296,0.4136660680818918,0.5441274588563636
class_cross_full98,43,C1CCCCC1,Cyclohexane,1142,0.6068945202376976,0.7024331907998546,0.896512554932377
class_cross_full98,43,CN1CCCC1=O,NMP,1049,0.7166840026349683,0.3232359877022852,0.4172499421490383
class_cross_full98,43,CCCOC(C)=O,n-Propyl acetate,1046,0.9221017366090476,0.16933454082036403,0.22408604066993693
class_cross_full98,43,CS(C)=O,DMSO,1076,0.6612871735997512,0.448536443226879,0.6003036381497078
class_cross_full98,43,OCCO,Ethylene glycol,1111,0.7021238589686343,0.4155280928982603,0.5738533569419797
class_cross_top33_valshap,43,C1CCCCC1,Cyclohexane,1142,0.632150698632314,0.6678626337182383,0.8672349957998523
class_cross_top33_valshap,43,CN1CCCC1=O,NMP,1049,0.671922819073488,0.34968739895393053,0.44900248915862356
class_cross_top33_valshap,43,CCCOC(C)=O,n-Propyl acetate,1046,0.8737273292660708,0.23123436911301223,0.28530251384799127
class_cross_top33_valshap,43,CS(C)=O,DMSO,1076,0.6257376695752088,0.4843338968265574,0.6310201284881113
class_cross_top33_valshap,43,OCCO,Ethylene glycol,1111,0.7053276799374676,0.4149328869196458,0.5707589604612476
class_cross_top47_valshap,43,C1CCCCC1,Cyclohexane,1142,0.6195288490723097,0.6917084579570746,0.8819880340012436
class_cross_top47_valshap,43,CN1CCCC1=O,NMP,1049,0.7113473618711678,0.3243606065657476,0.42116134300637187
class_cross_top47_valshap,43,CCCOC(C)=O,n-Propyl acetate,1046,0.9040475913024071,0.19390604628144373,0.24870175841967804
class_cross_top47_valshap,43,CS(C)=O,DMSO,1076,0.6556153816443178,0.4713833091468166,0.605308854570778
class_cross_top47_valshap,43,OCCO,Ethylene glycol,1111,0.720506130728297,0.42716756087093927,0.5558648470418283
class_cross_top60_valshap,43,C1CCCCC1,Cyclohexane,1142,0.6100089527628615,0.693061499583034,0.8929541205231835
class_cross_top60_valshap,43,CN1CCCC1=O,NMP,1049,0.7268982507062374,0.3230423921658635,0.40965944975548996
class_cross_top60_valshap,43,CCCOC(C)=O,n-Propyl acetate,1046,0.9016330723716109,0.19294605238684961,0.25181144704423625
class_cross_top60_valshap,43,CS(C)=O,DMSO,1076,0.6641148283156033,0.4594628840593918,0.5977926482678122
class_cross_top60_valshap,43,OCCO,Ethylene glycol,1111,0.7099292885173221,0.41333250060085747,0.5662849336964347
v1,44,C1CCCCC1,Cyclohexane,1142,0.538863635055,0.749772499604747,0.9709939252607669
v1,44,CN1CCCC1=O,NMP,1049,0.5075379676642764,0.4254257434281635,0.5501069260190936
v1,44,CCCOC(C)=O,n-Propyl acetate,1046,0.9263066258033507,0.1535256790007305,0.21795414676468342
v1,44,CS(C)=O,DMSO,1076,0.40903835096827224,0.6547673059211112,0.7929299151209269
v1,44,OCCO,Ethylene glycol,1111,0.7636207680365751,0.3815946168397485,0.5111963281268311
v2,44,C1CCCCC1,Cyclohexane,1142,0.5617966835605944,0.745332822966828,0.9465414938724858
v2,44,CN1CCCC1=O,NMP,1049,0.6266599787012674,0.3673170765845223,0.478975181125176
v2,44,CCCOC(C)=O,n-Propyl acetate,1046,0.9134183475554742,0.18378916942708884,0.2362456662086516
v2,44,CS(C)=O,DMSO,1076,0.6085164753454269,0.48608332888542866,0.6453746445604781
v2,44,OCCO,Ethylene glycol,1111,0.7155042730935148,0.429378812995884,0.5608167043238855
class_cross_full98,44,C1CCCCC1,Cyclohexane,1142,0.5669554216432298,0.7491245285346555,0.9409534302745216
class_cross_full98,44,CN1CCCC1=O,NMP,1049,0.7100354100959239,0.3275525438543276,0.42211736571644703
class_cross_full98,44,CCCOC(C)=O,n-Propyl acetate,1046,0.923774096973793,0.166882771225188,0.22166759238461212
class_cross_full98,44,CS(C)=O,DMSO,1076,0.6704052857855196,0.468118683829265,0.5921684610308171
class_cross_full98,44,OCCO,Ethylene glycol,1111,0.7372425692996787,0.39875404995289526,0.5389650087144228
class_cross_top33_valshap,44,C1CCCCC1,Cyclohexane,1142,0.6137613278245886,0.6877362398661081,0.8886478708578146
class_cross_top33_valshap,44,CN1CCCC1=O,NMP,1049,0.6711809554206651,0.3476379586360811,0.44950985534270094
class_cross_top33_valshap,44,CCCOC(C)=O,n-Propyl acetate,1046,0.8616393552250744,0.24507232332679738,0.29864634491551423
class_cross_top33_valshap,44,CS(C)=O,DMSO,1076,0.6612134046096546,0.4659604690994288,0.6003690052967174
class_cross_top33_valshap,44,OCCO,Ethylene glycol,1111,0.7203716930208455,0.41063473230898634,0.5559985176153213
class_cross_top47_valshap,44,C1CCCCC1,Cyclohexane,1142,0.6242658298407322,0.6851794922599272,0.8764803284227038
class_cross_top47_valshap,44,CN1CCCC1=O,NMP,1049,0.6862045664977667,0.340432859978227,0.4391208374175526
class_cross_top47_valshap,44,CCCOC(C)=O,n-Propyl acetate,1046,0.9129440863884484,0.1856517913223293,0.23689181426649836
class_cross_top47_valshap,44,CS(C)=O,DMSO,1076,0.6618084040185344,0.4659733273711925,0.5998415697532256
class_cross_top47_valshap,44,OCCO,Ethylene glycol,1111,0.7204711696725321,0.4106506966423918,0.5558996116938764
class_cross_top60_valshap,44,C1CCCCC1,Cyclohexane,1142,0.5486296604206832,0.7508292305195724,0.9606569646007422
class_cross_top60_valshap,44,CN1CCCC1=O,NMP,1049,0.6784002108996587,0.3538483513043862,0.44454795218545234
class_cross_top60_valshap,44,CCCOC(C)=O,n-Propyl acetate,1046,0.9093902257076957,0.1790000922332687,0.24167873526038594
class_cross_top60_valshap,44,CS(C)=O,DMSO,1076,0.6695550520072027,0.45552540549501236,0.5929317580814859
class_cross_top60_valshap,44,OCCO,Ethylene glycol,1111,0.714394946605778,0.41262744485134845,0.5619090292396509
v1,45,C1CCCCC1,Cyclohexane,1142,0.4981069762433359,0.8088449844464227,1.0129952444152117
v1,45,CN1CCCC1=O,NMP,1049,0.3968801487019826,0.48067171219563287,0.6087830442025994
v1,45,CCCOC(C)=O,n-Propyl acetate,1046,0.9314007917486078,0.15340411930276865,0.21028605172292583
v1,45,CS(C)=O,DMSO,1076,0.3510155188839359,0.6919805418094461,0.830945059291076
v1,45,OCCO,Ethylene glycol,1111,0.6590959570130642,0.46004638224692546,0.6139021338915835
v2,45,C1CCCCC1,Cyclohexane,1142,0.5652877270571033,0.7424096673261892,0.9427635384209051
v2,45,CN1CCCC1=O,NMP,1049,0.6540559899169625,0.3579451811496091,0.46106658012579477
v2,45,CCCOC(C)=O,n-Propyl acetate,1046,0.9030691405692803,0.19378674582945687,0.2499665792209893
v2,45,CS(C)=O,DMSO,1076,0.6026825828914977,0.49808222841222743,0.6501655525941539
v2,45,OCCO,Ethylene glycol,1111,0.7225309372044819,0.4253002066717476,0.5538476925493767
class_cross_full98,45,C1CCCCC1,Cyclohexane,1142,0.5509402402211719,0.7664277079278594,0.9581949923312229
class_cross_full98,45,CN1CCCC1=O,NMP,1049,0.704538252198252,0.3355902491029313,0.4260998365918162
class_cross_full98,45,CCCOC(C)=O,n-Propyl acetate,1046,0.9094237704396169,0.18813647799731428,0.2416339950603515
class_cross_full98,45,CS(C)=O,DMSO,1076,0.6328873707268577,0.47838467704707643,0.6249637342484855
class_cross_full98,45,OCCO,Ethylene glycol,1111,0.7072426587185523,0.41985096659957627,0.5689013498792282
class_cross_top33_valshap,45,C1CCCCC1,Cyclohexane,1142,0.5820520699573479,0.7239864081904807,0.9244063419404273
class_cross_top33_valshap,45,CN1CCCC1=O,NMP,1049,0.05491288973101294,0.6389601457162621,0.7620731428093861
class_cross_top33_valshap,45,CCCOC(C)=O,n-Propyl acetate,1046,0.816842536735497,0.2776759758000949,0.34360796719448405
class_cross_top33_valshap,45,CS(C)=O,DMSO,1076,0.5380961412828514,0.562158294843074,0.7010208726971575
class_cross_top33_valshap,45,OCCO,Ethylene glycol,1111,0.7185416375115496,0.41985677168499924,0.5578149445550398
class_cross_top47_valshap,45,C1CCCCC1,Cyclohexane,1142,0.6465496371018453,0.6651633999110648,0.8500922227124813
class_cross_top47_valshap,45,CN1CCCC1=O,NMP,1049,0.7576328119030973,0.2998647711496969,0.3859203220141668
class_cross_top47_valshap,45,CCCOC(C)=O,n-Propyl acetate,1046,0.9155138175203972,0.18441965237270636,0.2333693189004383
class_cross_top47_valshap,45,CS(C)=O,DMSO,1076,0.6429991842746379,0.4792377445122334,0.6162965807034892
class_cross_top47_valshap,45,OCCO,Ethylene glycol,1111,0.736862947375261,0.40299867970713255,0.5393542062453209
class_cross_top60_valshap,45,C1CCCCC1,Cyclohexane,1142,0.6202379951903805,0.6919892581178881,0.8811656981906476
class_cross_top60_valshap,45,CN1CCCC1=O,NMP,1049,0.7067780358277744,0.3356282542643433,0.42448171340683866
class_cross_top60_valshap,45,CCCOC(C)=O,n-Propyl acetate,1046,0.907212128907522,0.19301721711893435,0.24456624776803715
class_cross_top60_valshap,45,CS(C)=O,DMSO,1076,0.6524231188966416,0.46617256259472045,0.6081078292902791
class_cross_top60_valshap,45,OCCO,Ethylene glycol,1111,0.701983745327881,0.43739386800830243,0.5739883043566097
v1,46,C1CCCCC1,Cyclohexane,1142,0.5053671803685036,0.7893189257057347,1.0056417416672983
v1,46,CN1CCCC1=O,NMP,1049,0.3904878405568939,0.4815095712556841,0.6120007063025493
v1,46,CCCOC(C)=O,n-Propyl acetate,1046,0.9308686038154531,0.15080416134216618,0.2111001681620466
v1,46,CS(C)=O,DMSO,1076,0.41794588704535696,0.6367176980008149,0.7869313282489909
v1,46,OCCO,Ethylene glycol,1111,0.7179992416611634,0.4229519086656456,0.558352165914075
v2,46,C1CCCCC1,Cyclohexane,1142,0.583474227049211,0.7344958724530873,0.9228322567585625
v2,46,CN1CCCC1=O,NMP,1049,0.663759181587877,0.35067012163806677,0.45455449147246096
v2,46,CCCOC(C)=O,n-Propyl acetate,1046,0.9269112035744324,0.16164622268578632,0.2170582615676911
v2,46,CS(C)=O,DMSO,1076,0.6049002378558377,0.49723360592172167,0.6483485413401316
v2,46,OCCO,Ethylene glycol,1111,0.7294546467524182,0.4132141152856074,0.5468939343613678
class_cross_full98,46,C1CCCCC1,Cyclohexane,1142,0.5630492280239677,0.7539065131579822,0.9451877458695788
class_cross_full98,46,CN1CCCC1=O,NMP,1049,0.6872742080890966,0.33967934607126443,0.4383717779736023
class_cross_full98,46,CCCOC(C)=O,n-Propyl acetate,1046,0.9170159793146957,0.17289477046995683,0.2312853644430737
class_cross_full98,46,CS(C)=O,DMSO,1076,0.6517547523579418,0.47389816864221934,0.6086922233426235
class_cross_full98,46,OCCO,Ethylene glycol,1111,0.7190834375985529,0.41464842557246684,0.557277796242205
class_cross_top33_valshap,46,C1CCCCC1,Cyclohexane,1142,0.6241738684895362,0.6776396136134606,0.8765875816224746
class_cross_top33_valshap,46,CN1CCCC1=O,NMP,1049,0.6369700782700709,0.37498320968333776,0.47231522735930254
class_cross_top33_valshap,46,CCCOC(C)=O,n-Propyl acetate,1046,0.8642457367810592,0.23782163076701537,0.2958200824461724
class_cross_top33_valshap,46,CS(C)=O,DMSO,1076,0.6357116719401313,0.49367950876197575,0.6225550813723322
class_cross_top33_valshap,46,OCCO,Ethylene glycol,1111,0.7531329185035538,0.3795386659291425,0.5224138213774298
class_cross_top47_valshap,46,C1CCCCC1,Cyclohexane,1142,0.6556021717594405,0.6540834185695119,0.8391353735631579
class_cross_top47_valshap,46,CN1CCCC1=O,NMP,1049,0.714233138604516,0.32894699815382183,0.41905079493149877
class_cross_top47_valshap,46,CCCOC(C)=O,n-Propyl acetate,1046,0.9043185256227368,0.1958280223685381,0.24835038905096646
class_cross_top47_valshap,46,CS(C)=O,DMSO,1076,0.6713376609928716,0.457344550005638,0.5913302888909041
class_cross_top47_valshap,46,OCCO,Ethylene glycol,1111,0.721495515399684,0.4098548023322044,0.5548801175189949
class_cross_top60_valshap,46,C1CCCCC1,Cyclohexane,1142,0.5829544450871843,0.7164533978565302,0.92340787781265
class_cross_top60_valshap,46,CN1CCCC1=O,NMP,1049,0.715680990636865,0.3339488542355846,0.4179878760298796
class_cross_top60_valshap,46,CCCOC(C)=O,n-Propyl acetate,1046,0.9118144188936955,0.18161632635410854,0.23842385506725516
class_cross_top60_valshap,46,CS(C)=O,DMSO,1076,0.6263139068329293,0.4850113483361648,0.630534162698118
class_cross_top60_valshap,46,OCCO,Ethylene glycol,1111,0.732269467814517,0.40154602563229513,0.5440414853908307
v1,47,C1CCCCC1,Cyclohexane,1142,0.48560185258583477,0.8144075986487977,1.0255374513849425
v1,47,CN1CCCC1=O,NMP,1049,0.403099720984637,0.47946525476190843,0.6056359231324623
v1,47,CCCOC(C)=O,n-Propyl acetate,1046,0.9319301490823231,0.14954103969820154,0.20947312656574177
v1,47,CS(C)=O,DMSO,1076,0.37674905179960305,0.6668319255849001,0.8143041121489941
v1,47,OCCO,Ethylene glycol,1111,0.7043309126262116,0.4295397043445401,0.571723478574167
v2,47,C1CCCCC1,Cyclohexane,1142,0.5473039639433599,0.7587717875789853,0.962066678200892
v2,47,CN1CCCC1=O,NMP,1049,0.6371917062561714,0.35946985337253196,0.472171032283843
v2,47,CCCOC(C)=O,n-Propyl acetate,1046,0.9208485198202557,0.17741691115551328,0.22588138172716546
v2,47,CS(C)=O,DMSO,1076,0.6079807945599176,0.4997136981685009,0.6458160381213447
v2,47,OCCO,Ethylene glycol,1111,0.7159512387945652,0.4221713191476563,0.5603759870491413
class_cross_full98,47,C1CCCCC1,Cyclohexane,1142,0.6002862222441946,0.7104994114203451,0.9040165600977705
class_cross_full98,47,CN1CCCC1=O,NMP,1049,0.6837889957656904,0.33823784707719506,0.44080775475538575
class_cross_full98,47,CCCOC(C)=O,n-Propyl acetate,1046,0.9209380085550112,0.1731473521349583,0.225753654768125
class_cross_full98,47,CS(C)=O,DMSO,1076,0.611494451925484,0.5030559173813842,0.6429153079990094
class_cross_full98,47,OCCO,Ethylene glycol,1111,0.7025881784913212,0.43337062626267153,0.5734059306547394
class_cross_top33_valshap,47,C1CCCCC1,Cyclohexane,1142,0.6217529297641712,0.6822501388427561,0.879406382724527
class_cross_top33_valshap,47,CN1CCCC1=O,NMP,1049,0.601324373789587,0.39971996601156146,0.4949605423601481
class_cross_top33_valshap,47,CCCOC(C)=O,n-Propyl acetate,1046,0.855250489862694,0.24659284501655135,0.3054636005713986
class_cross_top33_valshap,47,CS(C)=O,DMSO,1076,0.616044589368976,0.4995800643643886,0.6391393401677017
class_cross_top33_valshap,47,OCCO,Ethylene glycol,1111,0.7097255747356137,0.41117382381614775,0.5664837469406838
class_cross_top47_valshap,47,C1CCCCC1,Cyclohexane,1142,0.629419594042055,0.684120644976931,0.8704484441496922
class_cross_top47_valshap,47,CN1CCCC1=O,NMP,1049,0.752981996023154,0.2974145689017949,0.3896054652775821
class_cross_top47_valshap,47,CCCOC(C)=O,n-Propyl acetate,1046,0.9157390950689319,0.18020685287560056,0.23305797828262798
class_cross_top47_valshap,47,CS(C)=O,DMSO,1076,0.6402683030727844,0.4754553457221513,0.6186492733738933
class_cross_top47_valshap,47,OCCO,Ethylene glycol,1111,0.7381235351904492,0.4057226664355936,0.5380607365905
class_cross_top60_valshap,47,C1CCCCC1,Cyclohexane,1142,0.6008573169425809,0.7064693041796396,0.9033705183112146
class_cross_top60_valshap,47,CN1CCCC1=O,NMP,1049,0.7341271931818527,0.3168358159093033,0.4042012912674714
class_cross_top60_valshap,47,CCCOC(C)=O,n-Propyl acetate,1046,0.9005921658941722,0.19298127435022192,0.253140259521236
class_cross_top60_valshap,47,CS(C)=O,DMSO,1076,0.6516958521853768,0.456360735492149,0.6087436964946793
class_cross_top60_valshap,47,OCCO,Ethylene glycol,1111,0.7303133555020621,0.4134258223433904,0.5460253261260652
v1,48,C1CCCCC1,Cyclohexane,1142,0.46347224690602506,0.8214374102679544,1.0473646767241616
v1,48,CN1CCCC1=O,NMP,1049,0.42485539435610153,0.4707955881754843,0.5944964447840536
v1,48,CCCOC(C)=O,n-Propyl acetate,1046,0.9316063805595801,0.155076784072897,0.20997070625091135
v1,48,CS(C)=O,DMSO,1076,0.33395081633533885,0.7031405400612686,0.8417988035768588
v1,48,OCCO,Ethylene glycol,1111,0.7225798098289349,0.42860786711861176,0.5537989138098041
v2,48,C1CCCCC1,Cyclohexane,1142,0.6179663455106202,0.6807682974383222,0.8837972348407209
v2,48,CN1CCCC1=O,NMP,1049,0.6447300317948447,0.3606824497611921,0.4672399673674186
v2,48,CCCOC(C)=O,n-Propyl acetate,1046,0.925195707954815,0.17062659360660576,0.2195908166289584
v2,48,CS(C)=O,DMSO,1076,0.6182601193897839,0.48744911878133806,0.6372926660528051
v2,48,OCCO,Ethylene glycol,1111,0.7462091177472716,0.39654975157058425,0.5296891472361155
class_cross_full98,48,C1CCCCC1,Cyclohexane,1142,0.5373203363674832,0.7642787767745154,0.9726173950857917
class_cross_full98,48,CN1CCCC1=O,NMP,1049,0.7165933678423193,0.329860190697964,0.41731667741692724
class_cross_full98,48,CCCOC(C)=O,n-Propyl acetate,1046,0.9177583794519827,0.17567060881645152,0.2302484657336036
class_cross_full98,48,CS(C)=O,DMSO,1076,0.6418204482314069,0.46293301110451057,0.6173131782918739
class_cross_full98,48,OCCO,Ethylene glycol,1111,0.70913517382396,0.4107472307323911,0.5670595514210899
class_cross_top33_valshap,48,C1CCCCC1,Cyclohexane,1142,0.622778532375693,0.6958989261814719,0.8782133348921753
class_cross_top33_valshap,48,CN1CCCC1=O,NMP,1049,0.6091094630738106,0.37334688621596773,0.49010407638995224
class_cross_top33_valshap,48,CCCOC(C)=O,n-Propyl acetate,1046,0.8784177417956538,0.2206287901057054,0.2799535751268249
class_cross_top33_valshap,48,CS(C)=O,DMSO,1076,0.6877244535721667,0.44533495555927194,0.576400226065333
class_cross_top33_valshap,48,OCCO,Ethylene glycol,1111,0.7375941980433613,0.4088769148742183,0.5386042595730666
class_cross_top47_valshap,48,C1CCCCC1,Cyclohexane,1142,0.6927400713899137,0.60963154631312,0.7926013170304319
class_cross_top47_valshap,48,CN1CCCC1=O,NMP,1049,0.7463522364581763,0.30666669881344133,0.39479919191743434
class_cross_top47_valshap,48,CCCOC(C)=O,n-Propyl acetate,1046,0.9124273184991627,0.1834061354509877,0.237593874271088
class_cross_top47_valshap,48,CS(C)=O,DMSO,1076,0.6779440913699988,0.45597021309075453,0.5853569642086597
class_cross_top47_valshap,48,OCCO,Ethylene glycol,1111,0.7355168068066322,0.4038010770711071,0.5407320440906204
class_cross_top60_valshap,48,C1CCCCC1,Cyclohexane,1142,0.6159993390087638,0.7037347675955333,0.8860695515924253
class_cross_top60_valshap,48,CN1CCCC1=O,NMP,1049,0.6923583327736509,0.33906109435275855,0.43479377190431906
class_cross_top60_valshap,48,CCCOC(C)=O,n-Propyl acetate,1046,0.90623014931567,0.18699031093812912,0.24585697142131716
class_cross_top60_valshap,48,CS(C)=O,DMSO,1076,0.6601599121876778,0.4535765250431788,0.6013017359228695
class_cross_top60_valshap,48,OCCO,Ethylene glycol,1111,0.7276471311451935,0.4102210927506083,0.5487177944391597
v1,49,C1CCCCC1,Cyclohexane,1142,0.48371634349624115,0.8041949989896122,1.027415268689024
v1,49,CN1CCCC1=O,NMP,1049,0.37999499030151696,0.4853553960593969,0.6172460731693362
v1,49,CCCOC(C)=O,n-Propyl acetate,1046,0.9248937717365651,0.15687969760631115,0.22003354289964194
v1,49,CS(C)=O,DMSO,1076,0.21144206624706186,0.7616247748757645,0.9159504002645321
v1,49,OCCO,Ethylene glycol,1111,0.7372547611208509,0.40497963968829576,0.53895250470795
v2,49,C1CCCCC1,Cyclohexane,1142,0.5745981807697722,0.7350571105963609,0.9326130718763167
v2,49,CN1CCCC1=O,NMP,1049,0.6447860681352873,0.3602687800536955,0.4672031172917923
v2,49,CCCOC(C)=O,n-Propyl acetate,1046,0.9162015943890722,0.1799691140122915,0.23241748270055013
v2,49,CS(C)=O,DMSO,1076,0.5942344285060733,0.5072911552177514,0.6570414247384156
v2,49,OCCO,Ethylene glycol,1111,0.7225339288111619,0.4201863121104035,0.553844706813046
class_cross_full98,49,C1CCCCC1,Cyclohexane,1142,0.5691517892266542,0.7453711004547764,0.9385641764997377
class_cross_full98,49,CN1CCCC1=O,NMP,1049,0.717613766594319,0.32602625376052796,0.4165647306429544
class_cross_full98,49,CCCOC(C)=O,n-Propyl acetate,1046,0.9212536944289814,0.17555137548620453,0.2253024991530286
class_cross_full98,49,CS(C)=O,DMSO,1076,0.6327685433635913,0.4834161623335873,0.6250648704916523
class_cross_full98,49,OCCO,Ethylene glycol,1111,0.7164079571850068,0.4244932916231467,0.5599252950996049
class_cross_top33_valshap,49,C1CCCCC1,Cyclohexane,1142,0.6250283455419487,0.6832043805930266,0.8755905112495377
class_cross_top33_valshap,49,CN1CCCC1=O,NMP,1049,0.6542139627707881,0.36442860941311467,0.46096129672985237
class_cross_top33_valshap,49,CCCOC(C)=O,n-Propyl acetate,1046,0.8537736779049544,0.2481469805877436,0.3070178977422729
class_cross_top33_valshap,49,CS(C)=O,DMSO,1076,0.6100591225583769,0.5145248546204367,0.6441018347852719
class_cross_top33_valshap,49,OCCO,Ethylene glycol,1111,0.7271735909704646,0.40391934297791104,0.5491946153249756
class_cross_top47_valshap,49,C1CCCCC1,Cyclohexane,1142,0.65623370951679,0.6506092235020979,0.8383656404264254
class_cross_top47_valshap,49,CN1CCCC1=O,NMP,1049,0.7328181612257938,0.3124413777718694,0.4051951174824005
class_cross_top47_valshap,49,CCCOC(C)=O,n-Propyl acetate,1046,0.9083551669649585,0.19179326462866586,0.24305519466814052
class_cross_top47_valshap,49,CS(C)=O,DMSO,1076,0.6949894769250893,0.4284976384962302,0.569655855059265
class_cross_top47_valshap,49,OCCO,Ethylene glycol,1111,0.7234376966588394,0.4073279448802204,0.5529419742743953
class_cross_top60_valshap,49,C1CCCCC1,Cyclohexane,1142,0.6114572100947786,0.6900519574576799,0.8912945565192
class_cross_top60_valshap,49,CN1CCCC1=O,NMP,1049,0.7016150069941329,0.33459180417739637,0.42820252592330255
class_cross_top60_valshap,49,CCCOC(C)=O,n-Propyl acetate,1046,0.9210507223101664,0.1746183611840615,0.2255926759133993
class_cross_top60_valshap,49,CS(C)=O,DMSO,1076,0.6505406912055989,0.46510314164429756,0.6097523191176898
class_cross_top60_valshap,49,OCCO,Ethylene glycol,1111,0.7307743998885603,0.4090369201286414,0.5455583960788873
v1,50,C1CCCCC1,Cyclohexane,1142,0.4947784177930251,0.7878904577994322,1.0163487896022736
v1,50,CN1CCCC1=O,NMP,1049,0.4094634352976333,0.4644436124819437,0.6023988485009959
v1,50,CCCOC(C)=O,n-Propyl acetate,1046,0.9250569713838819,0.15788934114306538,0.2197943555133728
v1,50,CS(C)=O,DMSO,1076,0.4183020180912792,0.6388400297929459,0.7866905486102319
v1,50,OCCO,Ethylene glycol,1111,0.6943040739143926,0.43135731248021014,0.5813369029202587
v2,50,C1CCCCC1,Cyclohexane,1142,0.5643405979023183,0.7466442941710374,0.9437900024251943
v2,50,CN1CCCC1=O,NMP,1049,0.7042420397008012,0.33431863938554,0.42631337434982625
v2,50,CCCOC(C)=O,n-Propyl acetate,1046,0.906660386280521,0.18933795690054528,0.2452922996884515
v2,50,CS(C)=O,DMSO,1076,0.6186626031418966,0.48384988406449253,0.6369566157713401
v2,50,OCCO,Ethylene glycol,1111,0.7321077256145069,0.4072086038926244,0.5442057945941292
class_cross_full98,50,C1CCCCC1,Cyclohexane,1142,0.6181256525758057,0.684851546609792,0.8836129450236951
class_cross_full98,50,CN1CCCC1=O,NMP,1049,0.6893465769963631,0.34011230060559844,0.4369168642266081
class_cross_full98,50,CCCOC(C)=O,n-Propyl acetate,1046,0.9214532877073708,0.1719851683861002,0.22501678799990013
class_cross_full98,50,CS(C)=O,DMSO,1076,0.6529909197973606,0.4644243589790266,0.6076109244022283
class_cross_full98,50,OCCO,Ethylene glycol,1111,0.7217003146941728,0.41021404611885925,0.5546760634340744
class_cross_top33_valshap,50,C1CCCCC1,Cyclohexane,1142,0.6598863996492441,0.6441753328095255,0.8338997167932853
class_cross_top33_valshap,50,CN1CCCC1=O,NMP,1049,0.6717442787537409,0.34921632151369475,0.44912464660984175
class_cross_top33_valshap,50,CCCOC(C)=O,n-Propyl acetate,1046,0.8546411179302419,0.24901969428370535,0.30610590136362253
class_cross_top33_valshap,50,CS(C)=O,DMSO,1076,0.5978802194264908,0.5050099993350241,0.6540830161555923
class_cross_top33_valshap,50,OCCO,Ethylene glycol,1111,0.7013895549244906,0.4144412521094158,0.5745602337461938
class_cross_top47_valshap,50,C1CCCCC1,Cyclohexane,1142,0.6901628118026393,0.61832611314416,0.7959184981226548
class_cross_top47_valshap,50,CN1CCCC1=O,NMP,1049,0.737965273416378,0.3069481795317317,0.4012732059446648
class_cross_top47_valshap,50,CCCOC(C)=O,n-Propyl acetate,1046,0.9100248015868235,0.1891065208560436,0.24083096272309923
class_cross_top47_valshap,50,CS(C)=O,DMSO,1076,0.6659990310094636,0.47001139523779745,0.5961135824916055
class_cross_top47_valshap,50,OCCO,Ethylene glycol,1111,0.717277332808706,0.4156227262371255,0.5590663869276598
class_cross_top60_valshap,50,C1CCCCC1,Cyclohexane,1142,0.6249406007115025,0.6898996947155431,0.8756929510553441
class_cross_top60_valshap,50,CN1CCCC1=O,NMP,1049,0.7305959354058076,0.3190147577212422,0.40687668856138764
class_cross_top60_valshap,50,CCCOC(C)=O,n-Propyl acetate,1046,0.9060265969066805,0.1904144076126146,0.24612367574576546
class_cross_top60_valshap,50,CS(C)=O,DMSO,1076,0.6202537553236953,0.499607447285732,0.6356263576520272
class_cross_top60_valshap,50,OCCO,Ethylene glycol,1111,0.7263286784943577,0.41193365649447206,0.5500443546954221
v1,51,C1CCCCC1,Cyclohexane,1142,0.5255766338573729,0.778056223580788,0.9848835014292483
v1,51,CN1CCCC1=O,NMP,1049,0.4105545916278014,0.4654240989394445,0.6018420538234033
v1,51,CCCOC(C)=O,n-Propyl acetate,1046,0.9214875114002501,0.1624569447444462,0.22496776147640768
v1,51,CS(C)=O,DMSO,1076,0.3432622750311174,0.693056977754792,0.8358938617528063
v1,51,OCCO,Ethylene glycol,1111,0.7225921793837653,0.39858237048939743,0.5537865673356952
v2,51,C1CCCCC1,Cyclohexane,1142,0.5715422486149657,0.7246920437647183,0.9359568542750806
v2,51,CN1CCCC1=O,NMP,1049,0.6871130079189092,0.3457139958157421,0.4384847467515578
v2,51,CCCOC(C)=O,n-Propyl acetate,1046,0.9113055605902006,0.18205834624857797,0.23911075558295086
v2,51,CS(C)=O,DMSO,1076,0.5992134945159558,0.5009132071454899,0.6529977715350391
v2,51,OCCO,Ethylene glycol,1111,0.7351117474259778,0.41565865859057044,0.5411459546819206
class_cross_full98,51,C1CCCCC1,Cyclohexane,1142,0.578183640858753,0.7397064534078462,0.9286745336841121
class_cross_full98,51,CN1CCCC1=O,NMP,1049,0.7163951370367923,0.3322208737553407,0.4174625994793341
class_cross_full98,51,CCCOC(C)=O,n-Propyl acetate,1046,0.9130753198336303,0.18058801265167312,0.23671319427096632
class_cross_full98,51,CS(C)=O,DMSO,1076,0.671118554828138,0.4521112473221451,0.5915273642927595
class_cross_full98,51,OCCO,Ethylene glycol,1111,0.7231395761950365,0.4078249182976859,0.5532399160338648
class_cross_top33_valshap,51,C1CCCCC1,Cyclohexane,1142,0.637115576571711,0.6720447731983291,0.861362559216554
class_cross_top33_valshap,51,CN1CCCC1=O,NMP,1049,0.6498570016675984,0.3608004201130936,0.4638563000817528
class_cross_top33_valshap,51,CCCOC(C)=O,n-Propyl acetate,1046,0.8508720550711966,0.25269612951261566,0.3100490691278031
class_cross_top33_valshap,51,CS(C)=O,DMSO,1076,0.6069998205131786,0.5229891974157829,0.646623566080523
class_cross_top33_valshap,51,OCCO,Ethylene glycol,1111,0.6913624027114742,0.4343433497932749,0.5841272699745511
class_cross_top47_valshap,51,C1CCCCC1,Cyclohexane,1142,0.6549770411710587,0.6534732792452045,0.8398966027592472
class_cross_top47_valshap,51,CN1CCCC1=O,NMP,1049,0.7318595206375154,0.3159511032725818,0.4059213807018002
class_cross_top47_valshap,51,CCCOC(C)=O,n-Propyl acetate,1046,0.9041039941732038,0.19395916408302713,0.248628651577659
class_cross_top47_valshap,51,CS(C)=O,DMSO,1076,0.7008238729068612,0.42991760989683286,0.5641812151692174
class_cross_top47_valshap,51,OCCO,Ethylene glycol,1111,0.7535331010351608,0.3827402346260167,0.521990221606028
class_cross_top60_valshap,51,C1CCCCC1,Cyclohexane,1142,0.6007343894701475,0.7090115448379806,0.903509617072546
class_cross_top60_valshap,51,CN1CCCC1=O,NMP,1049,0.6919654328038736,0.33830652153954976,0.43507132850578384
class_cross_top60_valshap,51,CCCOC(C)=O,n-Propyl acetate,1046,0.9063516817689665,0.19030368198738198,0.24569759562790197
class_cross_top60_valshap,51,CS(C)=O,DMSO,1076,0.6580017935539946,0.4707586924445452,0.6032079660104166
class_cross_top60_valshap,51,OCCO,Ethylene glycol,1111,0.7290660558227713,0.4027362133651711,0.5472865520193015
v1,52,C1CCCCC1,Cyclohexane,1142,0.4715085623444404,0.8181085731410938,1.0394911704368606
v1,52,CN1CCCC1=O,NMP,1049,0.36445835849270936,0.48173781624166706,0.6249319690795543
v1,52,CCCOC(C)=O,n-Propyl acetate,1046,0.9337000877295868,0.1485604150438739,0.20673185050436801
v1,52,CS(C)=O,DMSO,1076,0.39049875656310307,0.659540710054473,0.8052717281789601
v1,52,OCCO,Ethylene glycol,1111,0.7458135336998688,0.4025758490245666,0.5301017999430138
v2,52,C1CCCCC1,Cyclohexane,1142,0.6134768273405041,0.6960620727139148,0.8889750962605583
v2,52,CN1CCCC1=O,NMP,1049,0.6105190498020518,0.38131525249645426,0.4892195984179596
v2,52,CCCOC(C)=O,n-Propyl acetate,1046,0.9159934742936586,0.18234026676958695,0.23270591750069175
v2,52,CS(C)=O,DMSO,1076,0.5828624102919395,0.5203697997757929,0.6661849507691037
v2,52,OCCO,Ethylene glycol,1111,0.7267347390175163,0.4121726120286131,0.5496361383572339
class_cross_full98,52,C1CCCCC1,Cyclohexane,1142,0.5833162532276432,0.7172945895591493,0.9230072393499271
class_cross_full98,52,CN1CCCC1=O,NMP,1049,0.7310978953888765,0.3129191298662428,0.4064974607294258
class_cross_full98,52,CCCOC(C)=O,n-Propyl acetate,1046,0.9262126885147552,0.16766398501387306,0.21809301610932055
class_cross_full98,52,CS(C)=O,DMSO,1076,0.6494311851822422,0.46936544346836334,0.6107195100422549
class_cross_full98,52,OCCO,Ethylene glycol,1111,0.7294102052849681,0.39756904273457194,0.546938850621543
class_cross_top33_valshap,52,C1CCCCC1,Cyclohexane,1142,0.6277678306180317,0.6890369419462025,0.872386183322382
class_cross_top33_valshap,52,CN1CCCC1=O,NMP,1049,0.7662628361024574,0.29846606921150104,0.37898726909263764
class_cross_top33_valshap,52,CCCOC(C)=O,n-Propyl acetate,1046,0.8889167346420401,0.21332218230837605,0.2675932991921
class_cross_top33_valshap,52,CS(C)=O,DMSO,1076,0.5826867468812572,0.5226679100997946,0.6663252066533341
class_cross_top33_valshap,52,OCCO,Ethylene glycol,1111,0.7232951529778945,0.4069201412200894,0.5530844525334174
class_cross_top47_valshap,52,C1CCCCC1,Cyclohexane,1142,0.6545230717675188,0.6436074566530626,0.8404489747264822
class_cross_top47_valshap,52,CN1CCCC1=O,NMP,1049,0.7231998695016149,0.32569617318803123,0.4124239540269301
class_cross_top47_valshap,52,CCCOC(C)=O,n-Propyl acetate,1046,0.9123080177319851,0.18227490280964262,0.23775565694051054
class_cross_top47_valshap,52,CS(C)=O,DMSO,1076,0.6636616448901091,0.45240131595955513,0.5981957896167173
class_cross_top47_valshap,52,OCCO,Ethylene glycol,1111,0.7133127799853557,0.4312280181404159,0.5629725683275781
class_cross_top60_valshap,52,C1CCCCC1,Cyclohexane,1142,0.5936977083698454,0.7128674527327307,0.9114365971029488
class_cross_top60_valshap,52,CN1CCCC1=O,NMP,1049,0.7373788846814696,0.3166076800581493,0.4017219453089523
class_cross_top60_valshap,52,CCCOC(C)=O,n-Propyl acetate,1046,0.9142020729728801,0.1824058763934658,0.2351740036371692
class_cross_top60_valshap,52,CS(C)=O,DMSO,1076,0.6915306462839673,0.43795475375974313,0.5728767089091834
class_cross_top60_valshap,52,OCCO,Ethylene glycol,1111,0.7090518599745703,0.4152555214475979,0.567140758441015
v1,53,C1CCCCC1,Cyclohexane,1142,0.4985239767670536,0.7883376374423299,1.0125743306882773
v1,53,CN1CCCC1=O,NMP,1049,0.4466492512203737,0.46107711439724997,0.5831240953684834
v1,53,CCCOC(C)=O,n-Propyl acetate,1046,0.9254060144759041,0.156886911516042,0.21928191800827723
v1,53,CS(C)=O,DMSO,1076,0.2554573792847037,0.746619749372527,0.8900203480549986
v1,53,OCCO,Ethylene glycol,1111,0.6985800638772066,0.43507020961422727,0.5772567950105657
v2,53,C1CCCCC1,Cyclohexane,1142,0.5517200553828197,0.7467788233800792,0.957362653602633
v2,53,CN1CCCC1=O,NMP,1049,0.7047860923582336,0.33266445402987543,0.4259210878914257
v2,53,CCCOC(C)=O,n-Propyl acetate,1046,0.9101683871798558,0.18974291482837957,0.24063872272712944
v2,53,CS(C)=O,DMSO,1076,0.6476644972793054,0.4777513839563068,0.6122564334636634
v2,53,OCCO,Ethylene glycol,1111,0.7273213428662768,0.410424672124217,0.5490458842417008
class_cross_full98,53,C1CCCCC1,Cyclohexane,1142,0.5624561278904581,0.7490102741572268,0.9458290090416103
class_cross_full98,53,CN1CCCC1=O,NMP,1049,0.6977626855796434,0.33471010114232913,0.43095783141394994
class_cross_full98,53,CCCOC(C)=O,n-Propyl acetate,1046,0.9169049468685833,0.1782622595541718,0.23144004238761842
class_cross_full98,53,CS(C)=O,DMSO,1076,0.6229473041392732,0.47553304848505484,0.6333680898792152
class_cross_full98,53,OCCO,Ethylene glycol,1111,0.7186834568005027,0.4013670476378883,0.5576743928836851
class_cross_top33_valshap,53,C1CCCCC1,Cyclohexane,1142,0.6202373415691186,0.6925009849344628,0.8811664564924004
class_cross_top33_valshap,53,CN1CCCC1=O,NMP,1049,0.5955713207669382,0.38784424267851286,0.4985189928195858
class_cross_top33_valshap,53,CCCOC(C)=O,n-Propyl acetate,1046,0.869593938458688,0.23533124739928324,0.28993443889172443
class_cross_top33_valshap,53,CS(C)=O,DMSO,1076,0.6331939963289548,0.48459699944298235,0.6247026836923733
class_cross_top33_valshap,53,OCCO,Ethylene glycol,1111,0.7193238833816281,0.4145102414387858,0.5570392489313076
class_cross_top47_valshap,53,C1CCCCC1,Cyclohexane,1142,0.6177181784741401,0.6943607802576464,0.884084243237511
class_cross_top47_valshap,53,CN1CCCC1=O,NMP,1049,0.7420348130192329,0.30996913856555414,0.398145018943894
class_cross_top47_valshap,53,CCCOC(C)=O,n-Propyl acetate,1046,0.9164420993772002,0.18224624029265293,0.23208371901934258
class_cross_top47_valshap,53,CS(C)=O,DMSO,1076,0.6625843444784392,0.4592060476946446,0.5991530419619926
class_cross_top47_valshap,53,OCCO,Ethylene glycol,1111,0.7271199851045265,0.40779660867873263,0.5492485664931364
class_cross_top60_valshap,53,C1CCCCC1,Cyclohexane,1142,0.5748936835569776,0.725793521958541,0.9322890986050687
class_cross_top60_valshap,53,CN1CCCC1=O,NMP,1049,0.742860798027141,0.3107349435500886,0.39750709277557905
class_cross_top60_valshap,53,CCCOC(C)=O,n-Propyl acetate,1046,0.8994870710880928,0.19988925737386157,0.25454342264830915
class_cross_top60_valshap,53,CS(C)=O,DMSO,1076,0.6912160009743156,0.4364771767185449,0.5731688076626855
class_cross_top60_valshap,53,OCCO,Ethylene glycol,1111,0.7230783762032524,0.4091594832201436,0.5533010594919374
v1,54,C1CCCCC1,Cyclohexane,1142,0.4823610320520265,0.8179811080122279,1.0287629338723288
v1,54,CN1CCCC1=O,NMP,1049,0.3255184696587796,0.5096113143632925,0.643792283915294
v1,54,CCCOC(C)=O,n-Propyl acetate,1046,0.9296927930645366,0.15387141107735872,0.21288783133203412
v1,54,CS(C)=O,DMSO,1076,0.3169886643880997,0.7047669296848112,0.8524503820607027
v1,54,OCCO,Ethylene glycol,1111,0.725969211703678,0.4144492825924872,0.5504054772882756
v2,54,C1CCCCC1,Cyclohexane,1142,0.5719656915603238,0.7397882068453895,0.9354942388880982
v2,54,CN1CCCC1=O,NMP,1049,0.6203873022904385,0.37072522543114994,0.48298217369752744
v2,54,CCCOC(C)=O,n-Propyl acetate,1046,0.9036448708823853,0.193797642955106,0.24922312315549056
v2,54,CS(C)=O,DMSO,1076,0.622139955904073,0.49448610188371117,0.6340458136853814
v2,54,OCCO,Ethylene glycol,1111,0.7226593763500366,0.4190614576252691,0.5537194909443275
class_cross_full98,54,C1CCCCC1,Cyclohexane,1142,0.5645734211425721,0.7397606992055392,0.9435377806082198
class_cross_full98,54,CN1CCCC1=O,NMP,1049,0.676062257762884,0.34295924511134,0.44616090440969697
class_cross_full98,54,CCCOC(C)=O,n-Propyl acetate,1046,0.9094157836099483,0.1864930816324758,0.24164464822525178
class_cross_full98,54,CS(C)=O,DMSO,1076,0.6704758294949349,0.44349006448821926,0.5921050862351902
class_cross_full98,54,OCCO,Ethylene glycol,1111,0.7226393644765673,0.4036339477463512,0.5537394677590496
class_cross_top33_valshap,54,C1CCCCC1,Cyclohexane,1142,0.6428812605502613,0.6592768978963481,0.8544922870343624
class_cross_top33_valshap,54,CN1CCCC1=O,NMP,1049,0.6394965423369927,0.3712466905937334,0.4706688467575174
class_cross_top33_valshap,54,CCCOC(C)=O,n-Propyl acetate,1046,0.8546583871673836,0.24962624347715573,0.30608771749917174
class_cross_top33_valshap,54,CS(C)=O,DMSO,1076,0.6216848574083593,0.49466977458844785,0.6344275244122466
class_cross_top33_valshap,54,OCCO,Ethylene glycol,1111,0.7161414725307118,0.41044188933050946,0.5601883075259337
class_cross_top47_valshap,54,C1CCCCC1,Cyclohexane,1142,0.6816745931954722,0.6304348511987942,0.806747221564166
class_cross_top47_valshap,54,CN1CCCC1=O,NMP,1049,0.7163742039610852,0.32610420962873776,0.41747800580005195
class_cross_top47_valshap,54,CCCOC(C)=O,n-Propyl acetate,1046,0.9131329710696133,0.18377122785061997,0.23663468335957732
class_cross_top47_valshap,54,CS(C)=O,DMSO,1076,0.6701597626489539,0.4558671209131198,0.5923889803313442
class_cross_top47_valshap,54,OCCO,Ethylene glycol,1111,0.7361108445598589,0.39401761265497054,0.5401244519550493
class_cross_top60_valshap,54,C1CCCCC1,Cyclohexane,1142,0.5875812740255791,0.720124529765131,0.9182713089224397
class_cross_top60_valshap,54,CN1CCCC1=O,NMP,1049,0.7339368238209534,0.31656300746208915,0.40434597280412876
class_cross_top60_valshap,54,CCCOC(C)=O,n-Propyl acetate,1046,0.9026365993343618,0.193550354393929,0.25052367993739433
class_cross_top60_valshap,54,CS(C)=O,DMSO,1076,0.6514618692349832,0.4737434602489598,0.6089481323789382
class_cross_top60_valshap,54,OCCO,Ethylene glycol,1111,0.7254992058792566,0.4125884288997758,0.5508772909695772
v1,55,C1CCCCC1,Cyclohexane,1142,0.50811578723851,0.7809167508511378,1.0028437424780046
v1,55,CN1CCCC1=O,NMP,1049,0.34195717258395053,0.5018136378829599,0.6358985229753432
v1,55,CCCOC(C)=O,n-Propyl acetate,1046,0.9277966641270855,0.1551410319952631,0.21573943981113294
v1,55,CS(C)=O,DMSO,1076,0.3706423205918441,0.6715714241237812,0.8182837408261969
v1,55,OCCO,Ethylene glycol,1111,0.723181054265347,0.4263128143279836,0.5531984724368479
v2,55,C1CCCCC1,Cyclohexane,1142,0.6036696901020523,0.7155462862750238,0.9001823023442397
v2,55,CN1CCCC1=O,NMP,1049,0.6051924250704193,0.37657485485125153,0.4925535739895627
v2,55,CCCOC(C)=O,n-Propyl acetate,1046,0.9179103219215409,0.17588600528189413,0.23003567387836069
v2,55,CS(C)=O,DMSO,1076,0.6179776059282909,0.48213017146068804,0.6375284423855642
v2,55,OCCO,Ethylene glycol,1111,0.7227863872310059,0.41731631173926503,0.553592685766691
class_cross_full98,55,C1CCCCC1,Cyclohexane,1142,0.5431386438932999,0.7683591525850252,0.9664825991526493
class_cross_full98,55,CN1CCCC1=O,NMP,1049,0.699449974701862,0.33667015854741206,0.42975320159477837
class_cross_full98,55,CCCOC(C)=O,n-Propyl acetate,1046,0.9107058924852671,0.18518726127023033,0.23991771455598346
class_cross_full98,55,CS(C)=O,DMSO,1076,0.6237936117947275,0.48247517057738687,0.6326568824163112
class_cross_full98,55,OCCO,Ethylene glycol,1111,0.7450954436825203,0.3869007708193433,0.5308500544600221
class_cross_top33_valshap,55,C1CCCCC1,Cyclohexane,1142,0.6499567710424206,0.6486335486287867,0.8459850096131872
class_cross_top33_valshap,55,CN1CCCC1=O,NMP,1049,0.6222040874327875,0.3803702661182325,0.48182503744109456
class_cross_top33_valshap,55,CCCOC(C)=O,n-Propyl acetate,1046,0.8345521784460862,0.26714594943230313,0.32657387681040734
class_cross_top33_valshap,55,CS(C)=O,DMSO,1076,0.5877240502495946,0.5290436572049187,0.6622914590632919
class_cross_top33_valshap,55,OCCO,Ethylene glycol,1111,0.7077806369444586,0.4173264208456388,0.5683783958326925
class_cross_top47_valshap,55,C1CCCCC1,Cyclohexane,1142,0.6520020061764826,0.6644622344984957,0.8435099252608622
class_cross_top47_valshap,55,CN1CCCC1=O,NMP,1049,0.7109320626657545,0.3286054597201682,0.42146420721230293
class_cross_top47_valshap,55,CCCOC(C)=O,n-Propyl acetate,1046,0.9082970841775418,0.19137391101279053,0.24313220439481806
class_cross_top47_valshap,55,CS(C)=O,DMSO,1076,0.6526757858825212,0.4696427411853305,0.6078867606373797
class_cross_top47_valshap,55,OCCO,Ethylene glycol,1111,0.7233431530402689,0.4060558617107867,0.5530364786003052
class_cross_top60_valshap,55,C1CCCCC1,Cyclohexane,1142,0.5912991744388257,0.7218566095449225,0.9141228910348936
class_cross_top60_valshap,55,CN1CCCC1=O,NMP,1049,0.751868128157834,0.2975152330132371,0.3904828929980748
class_cross_top60_valshap,55,CCCOC(C)=O,n-Propyl acetate,1046,0.9109132442060754,0.1857033391512383,0.23963899367633726
class_cross_top60_valshap,55,CS(C)=O,DMSO,1076,0.6226537764208951,0.49006440290196157,0.6336145738911969
class_cross_top60_valshap,55,OCCO,Ethylene glycol,1111,0.7322741962570087,0.4054151857454061,0.5440366811568605
v1,56,C1CCCCC1,Cyclohexane,1142,0.5173945619439742,0.7740716286113855,0.993340019571732
v1,56,CN1CCCC1=O,NMP,1049,0.43399506340790217,0.46021586065147346,0.5897539330845747
v1,56,CCCOC(C)=O,n-Propyl acetate,1046,0.9306749478824439,0.15609457112442202,0.21139563601554634
v1,56,CS(C)=O,DMSO,1076,0.3553270552331491,0.6777052406814337,0.8281802628095708
v1,56,OCCO,Ethylene glycol,1111,0.7506824918462001,0.39170086827344097,0.5250001842995132
v2,56,C1CCCCC1,Cyclohexane,1142,0.5690914367154234,0.7344596203512189,0.9386299104636389
v2,56,CN1CCCC1=O,NMP,1049,0.6492506637249522,0.358883630912386,0.4642577532316374
v2,56,CCCOC(C)=O,n-Propyl acetate,1046,0.9162124077419791,0.18096796462934023,0.2324024866315597
v2,56,CS(C)=O,DMSO,1076,0.5644394011197194,0.5349994014400741,0.6807371422212595
v2,56,OCCO,Ethylene glycol,1111,0.7213216428157124,0.41469666021565027,0.555053298548016
class_cross_full98,56,C1CCCCC1,Cyclohexane,1142,0.6107073945907767,0.7021041929567706,0.8921541585737522
class_cross_full98,56,CN1CCCC1=O,NMP,1049,0.7027859260102358,0.3350098408737876,0.42736152629643076
class_cross_full98,56,CCCOC(C)=O,n-Propyl acetate,1046,0.9057836031575078,0.1910897177236593,0.24644168010216266
class_cross_full98,56,CS(C)=O,DMSO,1076,0.639145801278993,0.4795296414105366,0.6196137338902994
class_cross_full98,56,OCCO,Ethylene glycol,1111,0.7241235110852771,0.4071749806994105,0.552255960737187
class_cross_top33_valshap,56,C1CCCCC1,Cyclohexane,1142,0.6467034554793474,0.6600843184907164,0.8499072263882196
class_cross_top33_valshap,56,CN1CCCC1=O,NMP,1049,0.6477717437043491,0.36897254919932626,0.46523548544903637
class_cross_top33_valshap,56,CCCOC(C)=O,n-Propyl acetate,1046,0.8655262147773004,0.2348893572507743,0.29442164178229774
class_cross_top33_valshap,56,CS(C)=O,DMSO,1076,0.6372752402474057,0.47979540970807577,0.6212176048983226
class_cross_top33_valshap,56,OCCO,Ethylene glycol,1111,0.697409799394611,0.4273814954234588,0.5783763106986901
class_cross_top47_valshap,56,C1CCCCC1,Cyclohexane,1142,0.6447527110995035,0.6570828089655087,0.8522503987909692
class_cross_top47_valshap,56,CN1CCCC1=O,NMP,1049,0.7343698652569418,0.3157422345640899,0.4040167843227182
class_cross_top47_valshap,56,CCCOC(C)=O,n-Propyl acetate,1046,0.8968013020322817,0.19983477496359323,0.25792178408844385
class_cross_top47_valshap,56,CS(C)=O,DMSO,1076,0.6652482731555807,0.46259419885950764,0.5967831699890052
class_cross_top47_valshap,56,OCCO,Ethylene glycol,1111,0.7149125439123811,0.41966102066534605,0.5613996291284158
class_cross_top60_valshap,56,C1CCCCC1,Cyclohexane,1142,0.6191803960678282,0.6909023588297414,0.8823918242028936
class_cross_top60_valshap,56,CN1CCCC1=O,NMP,1049,0.7474355571812732,0.3026415633372663,0.39395520302396747
class_cross_top60_valshap,56,CCCOC(C)=O,n-Propyl acetate,1046,0.9001611032011456,0.1977025695099106,0.2536885125089513
class_cross_top60_valshap,56,CS(C)=O,DMSO,1076,0.6931908468776031,0.4412358579901549,0.5713330005921124
class_cross_top60_valshap,56,OCCO,Ethylene glycol,1111,0.717546450012156,0.4189333121998159,0.5588002423615823
v1,57,C1CCCCC1,Cyclohexane,1142,0.45650456793807737,0.8209657024073476,1.0541435994271962
v1,57,CN1CCCC1=O,NMP,1049,0.4993366416662408,0.44404368181753096,0.5546686759409672
v1,57,CCCOC(C)=O,n-Propyl acetate,1046,0.928993747966401,0.15973026581297428,0.21394355601884682
v1,57,CS(C)=O,DMSO,1076,0.35378586109980026,0.6817781480363142,0.8291696207712498
v1,57,OCCO,Ethylene glycol,1111,0.7226867709902581,0.4155487368599413,0.5536921431280584
v2,57,C1CCCCC1,Cyclohexane,1142,0.5458488805729991,0.7625188335319548,0.9636116046157585
v2,57,CN1CCCC1=O,NMP,1049,0.6669588347868942,0.34812662163162356,0.4523865611437905
v2,57,CCCOC(C)=O,n-Propyl acetate,1046,0.9164945349054066,0.18004052321717462,0.2320108872338956
v2,57,CS(C)=O,DMSO,1076,0.5719229844903193,0.5216140907836849,0.6748637627743289
v2,57,OCCO,Ethylene glycol,1111,0.7335138307793946,0.40763911690503457,0.5427757098186768
class_cross_full98,57,C1CCCCC1,Cyclohexane,1142,0.5825070531864069,0.7325996997040961,0.9239030449036306
class_cross_full98,57,CN1CCCC1=O,NMP,1049,0.7267069424199565,0.32027085775642783,0.4098029082421123
class_cross_full98,57,CCCOC(C)=O,n-Propyl acetate,1046,0.9270670856463373,0.16046353887264855,0.2168266696319705
class_cross_full98,57,CS(C)=O,DMSO,1076,0.6353450018781075,0.4819314149127054,0.6228683152593665
class_cross_full98,57,OCCO,Ethylene glycol,1111,0.7371598786171524,0.39242902080012126,0.5390498091299303
class_cross_top33_valshap,57,C1CCCCC1,Cyclohexane,1142,0.6032511173139473,0.7015726410776425,0.9006575276484157
class_cross_top33_valshap,57,CN1CCCC1=O,NMP,1049,0.17764246514073645,0.5861573944566247,0.7108714531332595
class_cross_top33_valshap,57,CCCOC(C)=O,n-Propyl acetate,1046,0.8416074050430418,0.26650661497693556,0.3195349389618548
class_cross_top33_valshap,57,CS(C)=O,DMSO,1076,0.47563764329766867,0.6073231068686674,0.7469145288418854
class_cross_top33_valshap,57,OCCO,Ethylene glycol,1111,0.726272661655736,0.4214278877132611,0.550100645155738
class_cross_top47_valshap,57,C1CCCCC1,Cyclohexane,1142,0.6486828969858423,0.6471131689791199,0.8475229620397479
class_cross_top47_valshap,57,CN1CCCC1=O,NMP,1049,0.7082174630708474,0.3299377426997632,0.4234385407826308
class_cross_top47_valshap,57,CCCOC(C)=O,n-Propyl acetate,1046,0.8981161019894396,0.19565896644025438,0.25627349483578005
class_cross_top47_valshap,57,CS(C)=O,DMSO,1076,0.6525455339505289,0.47201218519770316,0.6080007334038854
class_cross_top47_valshap,57,OCCO,Ethylene glycol,1111,0.7188927625241404,0.42185875748025803,0.5574668932455541
class_cross_top60_valshap,57,C1CCCCC1,Cyclohexane,1142,0.5918219219797469,0.7194414295583873,0.9135381009376005
class_cross_top60_valshap,57,CN1CCCC1=O,NMP,1049,0.7396027398353823,0.3103923777617877,0.4000174541878923
class_cross_top60_valshap,57,CCCOC(C)=O,n-Propyl acetate,1046,0.9166336534858567,0.178755234402308,0.2318175437222593
class_cross_top60_valshap,57,CS(C)=O,DMSO,1076,0.6680573104601731,0.4607128471540334,0.5942739703423562
class_cross_top60_valshap,57,OCCO,Ethylene glycol,1111,0.7395297316939781,0.3990569997478017,0.536614181310061
v1,58,C1CCCCC1,Cyclohexane,1142,0.5392950094308243,0.7767033100119223,0.9705396562709265
v1,58,CN1CCCC1=O,NMP,1049,0.4183279032056867,0.4713751036403047,0.5978604873585526
v1,58,CCCOC(C)=O,n-Propyl acetate,1046,0.9303481873419808,0.15400278919406196,0.21189325228170944
v1,58,CS(C)=O,DMSO,1076,0.3142046728077128,0.7211166454340591,0.8541859325125243
v1,58,OCCO,Ethylene glycol,1111,0.7311147503112281,0.41383164244149234,0.5452134442031347
v2,58,C1CCCCC1,Cyclohexane,1142,0.5734057377212953,0.7434459636012535,0.9339192601572043
v2,58,CN1CCCC1=O,NMP,1049,0.634845109810146,0.37250232177790626,0.47369554132148534
v2,58,CCCOC(C)=O,n-Propyl acetate,1046,0.9313494681645879,0.1625597893995121,0.21036470143480795
v2,58,CS(C)=O,DMSO,1076,0.6306448624351988,0.48230592359863556,0.6268696243089764
v2,58,OCCO,Ethylene glycol,1111,0.7253620453795615,0.4131997324946221,0.551014902899736
class_cross_full98,58,C1CCCCC1,Cyclohexane,1142,0.5755884612911533,0.7312685024221655,0.931526937991544
class_cross_full98,58,CN1CCCC1=O,NMP,1049,0.6941336253950867,0.3380655186018666,0.4335374353064283
class_cross_full98,58,CCCOC(C)=O,n-Propyl acetate,1046,0.9234276043126979,0.17288501488035538,0.22217082754565354
class_cross_full98,58,CS(C)=O,DMSO,1076,0.6586989231476865,0.4616516907127837,0.6025928624380148
class_cross_full98,58,OCCO,Ethylene glycol,1111,0.7469630712489886,0.38963877122438473,0.5289017705831388
class_cross_top33_valshap,58,C1CCCCC1,Cyclohexane,1142,0.5914265644671206,0.7058580323498889,0.9139804161372201
class_cross_top33_valshap,58,CN1CCCC1=O,NMP,1049,0.2511616877162023,0.5626881035371177,0.6783514603244197
class_cross_top33_valshap,58,CCCOC(C)=O,n-Propyl acetate,1046,0.8332275206013778,0.26913075407147036,0.3278786271320676
class_cross_top33_valshap,58,CS(C)=O,DMSO,1076,0.6067982959571194,0.525455999997667,0.6467893342313495
class_cross_top33_valshap,58,OCCO,Ethylene glycol,1111,0.7145025404776599,0.42680762084560664,0.5618031773605858
class_cross_top47_valshap,58,C1CCCCC1,Cyclohexane,1142,0.6064673701445675,0.696845919902448,0.8969994998746232
class_cross_top47_valshap,58,CN1CCCC1=O,NMP,1049,0.723412089917444,0.3178221211796026,0.41226582266074646
class_cross_top47_valshap,58,CCCOC(C)=O,n-Propyl acetate,1046,0.9034090887973275,0.19725869574165414,0.24952786273730643
class_cross_top47_valshap,58,CS(C)=O,DMSO,1076,0.6819480188636051,0.4424024261495086,0.5817068883160197
class_cross_top47_valshap,58,OCCO,Ethylene glycol,1111,0.7410781584255239,0.39655151567028685,0.5350167891890913
class_cross_top60_valshap,58,C1CCCCC1,Cyclohexane,1142,0.580365466161191,0.725760200715205,0.9262696571746293
class_cross_top60_valshap,58,CN1CCCC1=O,NMP,1049,0.720275604482188,0.3277799307670522,0.4145967643320918
class_cross_top60_valshap,58,CCCOC(C)=O,n-Propyl acetate,1046,0.9122838712441673,0.1817167256501948,0.237788388376031
class_cross_top60_valshap,58,CS(C)=O,DMSO,1076,0.6535995851499492,0.47445263182676123,0.6070778057386476
class_cross_top60_valshap,58,OCCO,Ethylene glycol,1111,0.7248770377554375,0.41764433137473356,0.5515012314277471
v1,59,C1CCCCC1,Cyclohexane,1142,0.4688865136838207,0.8289101212683699,1.0420666370532357
v1,59,CN1CCCC1=O,NMP,1049,0.4003324137680637,0.4734044528840337,0.6070382031224564
v1,59,CCCOC(C)=O,n-Propyl acetate,1046,0.9306934680775736,0.1566533688058709,0.21136739694595325
v1,59,CS(C)=O,DMSO,1076,0.3779916891017785,0.6769020194752347,0.8134919276307313
v1,59,OCCO,Ethylene glycol,1111,0.7471106097252471,0.39559134383803507,0.5287475544776657
v2,59,C1CCCCC1,Cyclohexane,1142,0.5739154170173771,0.7418154589148587,0.9333611870478399
v2,59,CN1CCCC1=O,NMP,1049,0.5935612580258759,0.38851682002941595,0.49975630919217784
v2,59,CCCOC(C)=O,n-Propyl acetate,1046,0.9137286547745181,0.1796571104392526,0.23582193591524228
v2,59,CS(C)=O,DMSO,1076,0.6189616674982729,0.4826624285728626,0.636706799749143
v2,59,OCCO,Ethylene glycol,1111,0.6979925929436404,0.4366086425870188,0.5778190612552768
class_cross_full98,59,C1CCCCC1,Cyclohexane,1142,0.5788510268741225,0.7265655286283449,0.9279395814606208
class_cross_full98,59,CN1CCCC1=O,NMP,1049,0.7099497143211306,0.32840676273920066,0.42217973712951307
class_cross_full98,59,CCCOC(C)=O,n-Propyl acetate,1046,0.9232983811612893,0.1691122135425678,0.22235821565002226
class_cross_full98,59,CS(C)=O,DMSO,1076,0.6615627624754056,0.472240233084083,0.6000593741938501
class_cross_full98,59,OCCO,Ethylene glycol,1111,0.7186982169020658,0.4113524864032958,0.5576597626764502
class_cross_top33_valshap,59,C1CCCCC1,Cyclohexane,1142,0.5765943513549819,0.7359792657533544,0.9304223856122055
class_cross_top33_valshap,59,CN1CCCC1=O,NMP,1049,0.23387781800133178,0.5707747375053919,0.6861352866071839
class_cross_top33_valshap,59,CCCOC(C)=O,n-Propyl acetate,1046,0.8287211741950483,0.2723616230706084,0.3322788921054179
class_cross_top33_valshap,59,CS(C)=O,DMSO,1076,0.5702422067785893,0.5517981364936437,0.676187338557691
class_cross_top33_valshap,59,OCCO,Ethylene glycol,1111,0.7295613392430622,0.40875554013155657,0.5467860869540917
class_cross_top47_valshap,59,C1CCCCC1,Cyclohexane,1142,0.6229152782139515,0.6818805497020388,0.8780541407389878
class_cross_top47_valshap,59,CN1CCCC1=O,NMP,1049,0.7209678636320465,0.3170839860848759,0.414083426561658
class_cross_top47_valshap,59,CCCOC(C)=O,n-Propyl acetate,1046,0.9003656676594225,0.19704511022582136,0.2534284822757115
class_cross_top47_valshap,59,CS(C)=O,DMSO,1076,0.6612543662062584,0.4644944138864311,0.6003327098577521
class_cross_top47_valshap,59,OCCO,Ethylene glycol,1111,0.7308708665070874,0.4222708054645799,0.5454606474085876
class_cross_top60_valshap,59,C1CCCCC1,Cyclohexane,1142,0.6262607384095681,0.6882125395219808,0.8741504562810897
class_cross_top60_valshap,59,CN1CCCC1=O,NMP,1049,0.7197414868920204,0.32052626252746336,0.4149923998587829
class_cross_top60_valshap,59,CCCOC(C)=O,n-Propyl acetate,1046,0.9188975816218735,0.1786960976331211,0.22864821617336764
class_cross_top60_valshap,59,CS(C)=O,DMSO,1076,0.6556992531787837,0.46681582095891816,0.6052351415314121
class_cross_top60_valshap,59,OCCO,Ethylene glycol,1111,0.717771091453469,0.42198376926103737,0.5585779851782186
v1,60,C1CCCCC1,Cyclohexane,1142,0.5046529182377181,0.7926274345876725,1.0063675656158342
v1,60,CN1CCCC1=O,NMP,1049,0.47438887567866694,0.4465504955301233,0.568320092587141
v1,60,CCCOC(C)=O,n-Propyl acetate,1046,0.9263739859137186,0.15881784713703234,0.2178545124895783
v1,60,CS(C)=O,DMSO,1076,0.2924396195146295,0.7207565651114967,0.8676346892450605
v1,60,OCCO,Ethylene glycol,1111,0.7371147107680587,0.40570840187511903,0.5390961237381872
v2,60,C1CCCCC1,Cyclohexane,1142,0.586237642330757,0.7118277326098716,0.9197659247913877
v2,60,CN1CCCC1=O,NMP,1049,0.5956932965164543,0.38755526103632365,0.49844381044939473
v2,60,CCCOC(C)=O,n-Propyl acetate,1046,0.9084016092948852,0.1817197262053813,0.24299360101564035
v2,60,CS(C)=O,DMSO,1076,0.6112575797828386,0.5039580434078225,0.643111271121974
v2,60,OCCO,Ethylene glycol,1111,0.7187851749110111,0.42886929842775107,0.5575735621371212
class_cross_full98,60,C1CCCCC1,Cyclohexane,1142,0.6222676308662856,0.6912296141684409,0.8788078512951345
class_cross_full98,60,CN1CCCC1=O,NMP,1049,0.6694026974245563,0.35562378507385106,0.45072369423619485
class_cross_full98,60,CCCOC(C)=O,n-Propyl acetate,1046,0.9155107330745571,0.17288721808346016,0.2333735788186527
class_cross_full98,60,CS(C)=O,DMSO,1076,0.6663237393892538,0.45953437243216316,0.595823747789258
class_cross_full98,60,OCCO,Ethylene glycol,1111,0.7356560103417549,0.40041673062668226,0.5405897255597005
class_cross_top33_valshap,60,C1CCCCC1,Cyclohexane,1142,0.6171436249957041,0.6938844063239472,0.8847483644873796
class_cross_top33_valshap,60,CN1CCCC1=O,NMP,1049,0.6276927754707571,0.37682334695771713,0.4783122109300076
class_cross_top33_valshap,60,CCCOC(C)=O,n-Propyl acetate,1046,0.8728219117504539,0.22924569766913136,0.2863235443210912
class_cross_top33_valshap,60,CS(C)=O,DMSO,1076,0.6412852621641277,0.4826040934404632,0.6177741958060117
class_cross_top33_valshap,60,OCCO,Ethylene glycol,1111,0.7207606650993155,0.40506343578209963,0.5556116770221122
class_cross_top47_valshap,60,C1CCCCC1,Cyclohexane,1142,0.6444037070897293,0.6555355620019253,0.8526689323009962
class_cross_top47_valshap,60,CN1CCCC1=O,NMP,1049,0.726887944271345,0.3219195534105117,0.4096671796375294
class_cross_top47_valshap,60,CCCOC(C)=O,n-Propyl acetate,1046,0.90254907487592,0.19565696814491196,0.2506362582968714
class_cross_top47_valshap,60,CS(C)=O,DMSO,1076,0.646837066692554,0.47789337495931006,0.6129749285031938
class_cross_top47_valshap,60,OCCO,Ethylene glycol,1111,0.7137193568433535,0.42075189667793444,0.5625732257470354
class_cross_top60_valshap,60,C1CCCCC1,Cyclohexane,1142,0.5817621000715677,0.730865830536624,0.9247269602583491
class_cross_top60_valshap,60,CN1CCCC1=O,NMP,1049,0.7104641771544019,0.3329581856513101,0.4218051603921159
class_cross_top60_valshap,60,CCCOC(C)=O,n-Propyl acetate,1046,0.893070186728057,0.20217730383928595,0.2625429250266112
class_cross_top60_valshap,60,CS(C)=O,DMSO,1076,0.6351265734917738,0.48067613529723213,0.6230548364286795
class_cross_top60_valshap,60,OCCO,Ethylene glycol,1111,0.730632266219889,0.3996697561534674,0.5457023868150236
v1,61,C1CCCCC1,Cyclohexane,1142,0.5312841966293811,0.7659636936614885,0.9789412418019985
v1,61,CN1CCCC1=O,NMP,1049,0.43248173339029994,0.4586869183351039,0.5905418207011364
v1,61,CCCOC(C)=O,n-Propyl acetate,1046,0.9255919397683186,0.16018868839709666,0.21900846773637422
v1,61,CS(C)=O,DMSO,1076,0.35474736764475756,0.6857649172175939,0.8285525274972957
v1,61,OCCO,Ethylene glycol,1111,0.7306121840454103,0.41799751737500435,0.5457227283127686
v2,61,C1CCCCC1,Cyclohexane,1142,0.5524157767329838,0.7527314642479693,0.956619461459344
v2,61,CN1CCCC1=O,NMP,1049,0.6751324352081916,0.34648831220229387,0.44680076996153506
v2,61,CCCOC(C)=O,n-Propyl acetate,1046,0.9047746067314917,0.19600884525473936,0.2477577810167269
v2,61,CS(C)=O,DMSO,1076,0.6238025649643681,0.4902345606068553,0.6326493542106891
v2,61,OCCO,Ethylene glycol,1111,0.7297326298083491,0.4224642111431431,0.546612897712483
class_cross_full98,61,C1CCCCC1,Cyclohexane,1142,0.5412581646707079,0.759900372305711,0.9684696178261656
class_cross_full98,61,CN1CCCC1=O,NMP,1049,0.7105292140146491,0.33232258215598864,0.421757783829699
class_cross_full98,61,CCCOC(C)=O,n-Propyl acetate,1046,0.9222509174010396,0.17124595097550538,0.22387136737810032
class_cross_full98,61,CS(C)=O,DMSO,1076,0.6445896692318549,0.4706590448502445,0.6149222076244082
class_cross_full98,61,OCCO,Ethylene glycol,1111,0.7090539212249513,0.4113119375151026,0.5671387494555394
class_cross_top33_valshap,61,C1CCCCC1,Cyclohexane,1142,0.625026007394125,0.6812953899586358,0.8755932411316937
class_cross_top33_valshap,61,CN1CCCC1=O,NMP,1049,0.6501561735578993,0.3590191936434458,0.4636580918892711
class_cross_top33_valshap,61,CCCOC(C)=O,n-Propyl acetate,1046,0.8846356092692045,0.2178899750406533,0.2727010459257556
class_cross_top33_valshap,61,CS(C)=O,DMSO,1076,0.6160008099685159,0.5043061915329002,0.6391757771324856
class_cross_top33_valshap,61,OCCO,Ethylene glycol,1111,0.717164925665133,0.40568153942380275,0.5591775149300171
class_cross_top47_valshap,61,C1CCCCC1,Cyclohexane,1142,0.6461454829796651,0.6629790617434359,0.8505781044014039
class_cross_top47_valshap,61,CN1CCCC1=O,NMP,1049,0.7181114516441836,0.3207711558492249,0.41619748635037984
class_cross_top47_valshap,61,CCCOC(C)=O,n-Propyl acetate,1046,0.9188603551930616,0.17675945419977676,0.22870068550906436
class_cross_top47_valshap,61,CS(C)=O,DMSO,1076,0.6501494203612628,0.47066937038297985,0.6100935771057605
class_cross_top47_valshap,61,OCCO,Ethylene glycol,1111,0.717521255840039,0.40827294173596285,0.5588251636195334
class_cross_top60_valshap,61,C1CCCCC1,Cyclohexane,1142,0.6504667340826981,0.6706635211466241,0.8453685452794518
class_cross_top60_valshap,61,CN1CCCC1=O,NMP,1049,0.6947226577193708,0.3448038746769368,0.4331197845795723
class_cross_top60_valshap,61,CCCOC(C)=O,n-Propyl acetate,1046,0.9167540101656302,0.1759260620411369,0.23165014483488805
class_cross_top60_valshap,61,CS(C)=O,DMSO,1076,0.6908925254592755,0.43758846912348903,0.5734689487716895
class_cross_top60_valshap,61,OCCO,Ethylene glycol,1111,0.7364663381499146,0.4082901999882359,0.539760519815144
