seed,top_k,rank,feature
42,33,1,Solute_BertzCT
42,33,2,Temperature_K
42,33,3,Solute_TPSA
42,33,4,Solute_HB_capacity
42,33,5,Solute_MolLogP
42,33,6,Solute_MolWt
42,33,7,Solute_BalabanJ
42,33,8,Solvent_pos_area_frac
42,33,9,Solvent_MaxPartialCharge
42,33,10,Solute_polar_surface_density
42,33,11,Solute_MaxPartialCharge
42,33,12,Solute_NumAromaticRings
42,33,13,Cross_sigma2_abs_gap
42,33,14,Solute_M_hb_don
42,33,15,Solute_NumRotatableBonds
42,33,16,Solute_RingCount
42,33,17,Solute_sig3
42,33,18,Solute_MinAbsPartialCharge
42,33,19,Solute_M_nonpolar
42,33,20,Solute_sig2
42,33,21,Solute_LabuteASA
42,33,22,Solute_MaxAbsPartialCharge
42,33,23,Cross_TPSA_density_abs_gap
42,33,24,Cross_logP_abs_gap
42,33,25,Solvent_BalabanJ
42,33,26,Solvent_neg_area_frac
42,33,27,Cross_HB_directional_balance
42,33,28,Solvent_MolLogP
42,33,29,Solute_M_hb_acc
42,33,30,Solute_MinPartialCharge
42,33,31,Cross_hb_don_moment_product
42,33,32,Solute_HeavyAtomCount
42,33,33,Solvent_sigma_asymmetry_abs
42,47,1,Solute_BertzCT
42,47,2,Temperature_K
42,47,3,Solute_TPSA
42,47,4,Solute_HB_capacity
42,47,5,Solute_MolLogP
42,47,6,Solute_MolWt
42,47,7,Solute_BalabanJ
42,47,8,Solvent_pos_area_frac
42,47,9,Solvent_MaxPartialCharge
42,47,10,Solute_polar_surface_density
42,47,11,Solute_MaxPartialCharge
42,47,12,Solute_NumAromaticRings
42,47,13,Cross_sigma2_abs_gap
42,47,14,Solute_M_hb_don
42,47,15,Solute_NumRotatableBonds
42,47,16,Solute_RingCount
42,47,17,Solute_sig3
42,47,18,Solute_MinAbsPartialCharge
42,47,19,Solute_M_nonpolar
42,47,20,Solute_sig2
42,47,21,Solute_LabuteASA
42,47,22,Solute_MaxAbsPartialCharge
42,47,23,Cross_TPSA_density_abs_gap
42,47,24,Cross_logP_abs_gap
42,47,25,Solvent_BalabanJ
42,47,26,Solvent_neg_area_frac
42,47,27,Cross_HB_directional_balance
42,47,28,Solvent_MolLogP
42,47,29,Solute_M_hb_acc
42,47,30,Solute_MinPartialCharge
42,47,31,Cross_hb_don_moment_product
42,47,32,Solute_HeavyAtomCount
42,47,33,Solvent_sigma_asymmetry_abs
42,47,34,Solute_pos_area_frac
42,47,35,Cross_nonpolar_match
42,47,36,Solvent_hydrophobic_density
42,47,37,Cross_surface_imbalance_product
42,47,38,Solvent_sig3
42,47,39,Solute_NumHDonors
42,47,40,Class_ester_x_solute_HBD
42,47,41,Solute_neg_area_frac
42,47,42,Cross_acc_to_don_surface
42,47,43,Class_ester_x_solute_TPSA_density
42,47,44,Solvent_sig2
42,47,45,Cross_sigma3_abs_gap
42,47,46,Solvent_self_hbond_proxy
42,47,47,Solvent_LabuteASA
42,60,1,Solute_BertzCT
42,60,2,Temperature_K
42,60,3,Solute_TPSA
42,60,4,Solute_HB_capacity
42,60,5,Solute_MolLogP
42,60,6,Solute_MolWt
42,60,7,Solute_BalabanJ
42,60,8,Solvent_pos_area_frac
42,60,9,Solvent_MaxPartialCharge
42,60,10,Solute_polar_surface_density
42,60,11,Solute_MaxPartialCharge
42,60,12,Solute_NumAromaticRings
42,60,13,Cross_sigma2_abs_gap
42,60,14,Solute_M_hb_don
42,60,15,Solute_NumRotatableBonds
42,60,16,Solute_RingCount
42,60,17,Solute_sig3
42,60,18,Solute_MinAbsPartialCharge
42,60,19,Solute_M_nonpolar
42,60,20,Solute_sig2
42,60,21,Solute_LabuteASA
42,60,22,Solute_MaxAbsPartialCharge
42,60,23,Cross_TPSA_density_abs_gap
42,60,24,Cross_logP_abs_gap
42,60,25,Solvent_BalabanJ
42,60,26,Solvent_neg_area_frac
42,60,27,Cross_HB_directional_balance
42,60,28,Solvent_MolLogP
42,60,29,Solute_M_hb_acc
42,60,30,Solute_MinPartialCharge
42,60,31,Cross_hb_don_moment_product
42,60,32,Solute_HeavyAtomCount
42,60,33,Solvent_sigma_asymmetry_abs
42,60,34,Solute_pos_area_frac
42,60,35,Cross_nonpolar_match
42,60,36,Solvent_hydrophobic_density
42,60,37,Cross_surface_imbalance_product
42,60,38,Solvent_sig3
42,60,39,Solute_NumHDonors
42,60,40,Class_ester_x_solute_HBD
42,60,41,Solute_neg_area_frac
42,60,42,Cross_acc_to_don_surface
42,60,43,Class_ester_x_solute_TPSA_density
42,60,44,Solvent_sig2
42,60,45,Cross_sigma3_abs_gap
42,60,46,Solvent_self_hbond_proxy
42,60,47,Solvent_LabuteASA
42,60,48,Solute_NumHAcceptors
42,60,49,Cross_pos_area_abs_gap
42,60,50,Cross_HB_capacity_product
42,60,51,Solvent_MinAbsPartialCharge
42,60,52,Class_nonpolar_x_solute_sigma2
42,60,53,Solvent_MinPartialCharge
42,60,54,Solute_signed_surface_imbalance
42,60,55,Cross_HBA_solute_x_HBD_solvent
42,60,56,Class_nonpolar_x_nonpolar_match
42,60,57,Class_nonpolar_x_solute_TPSA_density
42,60,58,Cross_temperature_x_sigma2_gap
42,60,59,Cross_HBD_solute_x_HBA_solvent
42,60,60,Solvent_signed_surface_imbalance
43,33,1,Solute_BertzCT
43,33,2,Temperature_K
43,33,3,Solute_TPSA
43,33,4,Solute_HB_capacity
43,33,5,Solute_MolLogP
43,33,6,Solute_MolWt
43,33,7,Solvent_MaxPartialCharge
43,33,8,Solute_BalabanJ
43,33,9,Solvent_pos_area_frac
43,33,10,Solute_MaxPartialCharge
43,33,11,Solute_NumAromaticRings
43,33,12,Solute_M_hb_don
43,33,13,Solute_sig3
43,33,14,Solute_polar_surface_density
43,33,15,Cross_sigma2_abs_gap
43,33,16,Solute_M_nonpolar
43,33,17,Solute_NumRotatableBonds
43,33,18,Solute_MinAbsPartialCharge
43,33,19,Solute_RingCount
43,33,20,Solute_sig2
43,33,21,Solute_MaxAbsPartialCharge
43,33,22,Solute_LabuteASA
43,33,23,Cross_logP_abs_gap
43,33,24,Solvent_neg_area_frac
43,33,25,Solute_HeavyAtomCount
43,33,26,Cross_TPSA_density_abs_gap
43,33,27,Solvent_sigma_asymmetry_abs
43,33,28,Cross_hb_don_moment_product
43,33,29,Solvent_BalabanJ
43,33,30,Cross_HB_directional_balance
43,33,31,Solvent_MolLogP
43,33,32,Solute_M_hb_acc
43,33,33,Solute_pos_area_frac
43,47,1,Solute_BertzCT
43,47,2,Temperature_K
43,47,3,Solute_TPSA
43,47,4,Solute_HB_capacity
43,47,5,Solute_MolLogP
43,47,6,Solute_MolWt
43,47,7,Solvent_MaxPartialCharge
43,47,8,Solute_BalabanJ
43,47,9,Solvent_pos_area_frac
43,47,10,Solute_MaxPartialCharge
43,47,11,Solute_NumAromaticRings
43,47,12,Solute_M_hb_don
43,47,13,Solute_sig3
43,47,14,Solute_polar_surface_density
43,47,15,Cross_sigma2_abs_gap
43,47,16,Solute_M_nonpolar
43,47,17,Solute_NumRotatableBonds
43,47,18,Solute_MinAbsPartialCharge
43,47,19,Solute_RingCount
43,47,20,Solute_sig2
43,47,21,Solute_MaxAbsPartialCharge
43,47,22,Solute_LabuteASA
43,47,23,Cross_logP_abs_gap
43,47,24,Solvent_neg_area_frac
43,47,25,Solute_HeavyAtomCount
43,47,26,Cross_TPSA_density_abs_gap
43,47,27,Solvent_sigma_asymmetry_abs
43,47,28,Cross_hb_don_moment_product
43,47,29,Solvent_BalabanJ
43,47,30,Cross_HB_directional_balance
43,47,31,Solvent_MolLogP
43,47,32,Solute_M_hb_acc
43,47,33,Solute_pos_area_frac
43,47,34,Solute_MinPartialCharge
43,47,35,Cross_nonpolar_match
43,47,36,Cross_surface_imbalance_product
43,47,37,Solute_NumHDonors
43,47,38,Solvent_sig3
43,47,39,Solvent_hydrophobic_density
43,47,40,Class_ester_x_solute_TPSA_density
43,47,41,Solute_neg_area_frac
43,47,42,Cross_sigma3_abs_gap
43,47,43,Solvent_sig2
43,47,44,Class_ester_x_solute_HBD
43,47,45,Cross_acc_to_don_surface
43,47,46,Solute_NumHAcceptors
43,47,47,Cross_HB_capacity_product
43,60,1,Solute_BertzCT
43,60,2,Temperature_K
43,60,3,Solute_TPSA
43,60,4,Solute_HB_capacity
43,60,5,Solute_MolLogP
43,60,6,Solute_MolWt
43,60,7,Solvent_MaxPartialCharge
43,60,8,Solute_BalabanJ
43,60,9,Solvent_pos_area_frac
43,60,10,Solute_MaxPartialCharge
43,60,11,Solute_NumAromaticRings
43,60,12,Solute_M_hb_don
43,60,13,Solute_sig3
43,60,14,Solute_polar_surface_density
43,60,15,Cross_sigma2_abs_gap
43,60,16,Solute_M_nonpolar
43,60,17,Solute_NumRotatableBonds
43,60,18,Solute_MinAbsPartialCharge
43,60,19,Solute_RingCount
43,60,20,Solute_sig2
43,60,21,Solute_MaxAbsPartialCharge
43,60,22,Solute_LabuteASA
43,60,23,Cross_logP_abs_gap
43,60,24,Solvent_neg_area_frac
43,60,25,Solute_HeavyAtomCount
43,60,26,Cross_TPSA_density_abs_gap
43,60,27,Solvent_sigma_asymmetry_abs
43,60,28,Cross_hb_don_moment_product
43,60,29,Solvent_BalabanJ
43,60,30,Cross_HB_directional_balance
43,60,31,Solvent_MolLogP
43,60,32,Solute_M_hb_acc
43,60,33,Solute_pos_area_frac
43,60,34,Solute_MinPartialCharge
43,60,35,Cross_nonpolar_match
43,60,36,Cross_surface_imbalance_product
43,60,37,Solute_NumHDonors
43,60,38,Solvent_sig3
43,60,39,Solvent_hydrophobic_density
43,60,40,Class_ester_x_solute_TPSA_density
43,60,41,Solute_neg_area_frac
43,60,42,Cross_sigma3_abs_gap
43,60,43,Solvent_sig2
43,60,44,Class_ester_x_solute_HBD
43,60,45,Cross_acc_to_don_surface
43,60,46,Solute_NumHAcceptors
43,60,47,Cross_HB_capacity_product
43,60,48,Solute_signed_surface_imbalance
43,60,49,Cross_pos_area_abs_gap
43,60,50,Solvent_MinAbsPartialCharge
43,60,51,Class_nonpolar_x_nonpolar_match
43,60,52,Solvent_self_hbond_proxy
43,60,53,Solvent_LabuteASA
43,60,54,Class_nonpolar_x_solute_sigma2
43,60,55,Cross_HBA_solute_x_HBD_solvent
43,60,56,Cross_hb_acc_moment_product
43,60,57,Cross_HBD_solute_x_HBA_solvent
43,60,58,Solvent_MinPartialCharge
43,60,59,Class_nonpolar_x_solute_TPSA_density
43,60,60,Solvent_M_hb_acc
44,33,1,Solute_BertzCT
44,33,2,Temperature_K
44,33,3,Solute_TPSA
44,33,4,Solute_HB_capacity
44,33,5,Solute_MolLogP
44,33,6,Solute_MolWt
44,33,7,Solvent_MaxPartialCharge
44,33,8,Solvent_pos_area_frac
44,33,9,Solute_BalabanJ
44,33,10,Solute_MaxPartialCharge
44,33,11,Solute_M_hb_don
44,33,12,Solute_RingCount
44,33,13,Solute_polar_surface_density
44,33,14,Cross_sigma2_abs_gap
44,33,15,Solute_NumRotatableBonds
44,33,16,Solute_MinAbsPartialCharge
44,33,17,Solute_NumAromaticRings
44,33,18,Solute_M_nonpolar
44,33,19,Solute_sig2
44,33,20,Solute_MaxAbsPartialCharge
44,33,21,Cross_logP_abs_gap
44,33,22,Solute_sig3
44,33,23,Solute_LabuteASA
44,33,24,Solute_HeavyAtomCount
44,33,25,Cross_hb_don_moment_product
44,33,26,Cross_TPSA_density_abs_gap
44,33,27,Solvent_MolLogP
44,33,28,Solute_M_hb_acc
44,33,29,Solvent_BalabanJ
44,33,30,Solvent_sigma_asymmetry_abs
44,33,31,Cross_HB_directional_balance
44,33,32,Solute_MinPartialCharge
44,33,33,Cross_surface_imbalance_product
44,47,1,Solute_BertzCT
44,47,2,Temperature_K
44,47,3,Solute_TPSA
44,47,4,Solute_HB_capacity
44,47,5,Solute_MolLogP
44,47,6,Solute_MolWt
44,47,7,Solvent_MaxPartialCharge
44,47,8,Solvent_pos_area_frac
44,47,9,Solute_BalabanJ
44,47,10,Solute_MaxPartialCharge
44,47,11,Solute_M_hb_don
44,47,12,Solute_RingCount
44,47,13,Solute_polar_surface_density
44,47,14,Cross_sigma2_abs_gap
44,47,15,Solute_NumRotatableBonds
44,47,16,Solute_MinAbsPartialCharge
44,47,17,Solute_NumAromaticRings
44,47,18,Solute_M_nonpolar
44,47,19,Solute_sig2
44,47,20,Solute_MaxAbsPartialCharge
44,47,21,Cross_logP_abs_gap
44,47,22,Solute_sig3
44,47,23,Solute_LabuteASA
44,47,24,Solute_HeavyAtomCount
44,47,25,Cross_hb_don_moment_product
44,47,26,Cross_TPSA_density_abs_gap
44,47,27,Solvent_MolLogP
44,47,28,Solute_M_hb_acc
44,47,29,Solvent_BalabanJ
44,47,30,Solvent_sigma_asymmetry_abs
44,47,31,Cross_HB_directional_balance
44,47,32,Solute_MinPartialCharge
44,47,33,Cross_surface_imbalance_product
44,47,34,Cross_nonpolar_match
44,47,35,Solute_NumHDonors
44,47,36,Solvent_neg_area_frac
44,47,37,Solvent_sig3
44,47,38,Solvent_hydrophobic_density
44,47,39,Solute_pos_area_frac
44,47,40,Class_ester_x_solute_TPSA_density
44,47,41,Solute_neg_area_frac
44,47,42,Cross_sigma3_abs_gap
44,47,43,Solvent_sig2
44,47,44,Cross_acc_to_don_surface
44,47,45,Class_ester_x_solute_HBD
44,47,46,Cross_HB_capacity_product
44,47,47,Cross_pos_area_abs_gap
44,60,1,Solute_BertzCT
44,60,2,Temperature_K
44,60,3,Solute_TPSA
44,60,4,Solute_HB_capacity
44,60,5,Solute_MolLogP
44,60,6,Solute_MolWt
44,60,7,Solvent_MaxPartialCharge
44,60,8,Solvent_pos_area_frac
44,60,9,Solute_BalabanJ
44,60,10,Solute_MaxPartialCharge
44,60,11,Solute_M_hb_don
44,60,12,Solute_RingCount
44,60,13,Solute_polar_surface_density
44,60,14,Cross_sigma2_abs_gap
44,60,15,Solute_NumRotatableBonds
44,60,16,Solute_MinAbsPartialCharge
44,60,17,Solute_NumAromaticRings
44,60,18,Solute_M_nonpolar
44,60,19,Solute_sig2
44,60,20,Solute_MaxAbsPartialCharge
44,60,21,Cross_logP_abs_gap
44,60,22,Solute_sig3
44,60,23,Solute_LabuteASA
44,60,24,Solute_HeavyAtomCount
44,60,25,Cross_hb_don_moment_product
44,60,26,Cross_TPSA_density_abs_gap
44,60,27,Solvent_MolLogP
44,60,28,Solute_M_hb_acc
44,60,29,Solvent_BalabanJ
44,60,30,Solvent_sigma_asymmetry_abs
44,60,31,Cross_HB_directional_balance
44,60,32,Solute_MinPartialCharge
44,60,33,Cross_surface_imbalance_product
44,60,34,Cross_nonpolar_match
44,60,35,Solute_NumHDonors
44,60,36,Solvent_neg_area_frac
44,60,37,Solvent_sig3
44,60,38,Solvent_hydrophobic_density
44,60,39,Solute_pos_area_frac
44,60,40,Class_ester_x_solute_TPSA_density
44,60,41,Solute_neg_area_frac
44,60,42,Cross_sigma3_abs_gap
44,60,43,Solvent_sig2
44,60,44,Cross_acc_to_don_surface
44,60,45,Class_ester_x_solute_HBD
44,60,46,Cross_HB_capacity_product
44,60,47,Cross_pos_area_abs_gap
44,60,48,Solute_NumHAcceptors
44,60,49,Solvent_LabuteASA
44,60,50,Class_nonpolar_x_nonpolar_match
44,60,51,Solvent_M_hb_acc
44,60,52,Solvent_self_hbond_proxy
44,60,53,Solute_signed_surface_imbalance
44,60,54,Solvent_MinAbsPartialCharge
44,60,55,Class_nonpolar_x_solute_sigma2
44,60,56,Solvent_signed_surface_imbalance
44,60,57,Cross_HBA_solute_x_HBD_solvent
44,60,58,Solvent_MinPartialCharge
44,60,59,Cross_temperature_x_sigma2_gap
44,60,60,Class_nonpolar_x_solute_TPSA_density
45,33,1,Solute_BertzCT
45,33,2,Temperature_K
45,33,3,Solute_TPSA
45,33,4,Solute_HB_capacity
45,33,5,Solute_MolLogP
45,33,6,Solvent_MaxPartialCharge
45,33,7,Solute_MolWt
45,33,8,Solute_BalabanJ
45,33,9,Solvent_pos_area_frac
45,33,10,Solute_polar_surface_density
45,33,11,Solute_MaxPartialCharge
45,33,12,Solute_NumRotatableBonds
45,33,13,Solute_NumAromaticRings
45,33,14,Solute_M_hb_don
45,33,15,Cross_sigma2_abs_gap
45,33,16,Solute_LabuteASA
45,33,17,Solute_sig3
45,33,18,Solute_MinAbsPartialCharge
45,33,19,Solute_RingCount
45,33,20,Solute_sig2
45,33,21,Cross_logP_abs_gap
45,33,22,Solute_M_nonpolar
45,33,23,Solute_HeavyAtomCount
45,33,24,Cross_TPSA_density_abs_gap
45,33,25,Solvent_BalabanJ
45,33,26,Cross_HB_directional_balance
45,33,27,Solute_MaxAbsPartialCharge
45,33,28,Solute_MinPartialCharge
45,33,29,Cross_hb_don_moment_product
45,33,30,Solvent_MolLogP
45,33,31,Solute_M_hb_acc
45,33,32,Solvent_neg_area_frac
45,33,33,Cross_surface_imbalance_product
45,47,1,Solute_BertzCT
45,47,2,Temperature_K
45,47,3,Solute_TPSA
45,47,4,Solute_HB_capacity
45,47,5,Solute_MolLogP
45,47,6,Solvent_MaxPartialCharge
45,47,7,Solute_MolWt
45,47,8,Solute_BalabanJ
45,47,9,Solvent_pos_area_frac
45,47,10,Solute_polar_surface_density
45,47,11,Solute_MaxPartialCharge
45,47,12,Solute_NumRotatableBonds
45,47,13,Solute_NumAromaticRings
45,47,14,Solute_M_hb_don
45,47,15,Cross_sigma2_abs_gap
45,47,16,Solute_LabuteASA
45,47,17,Solute_sig3
45,47,18,Solute_MinAbsPartialCharge
45,47,19,Solute_RingCount
45,47,20,Solute_sig2
45,47,21,Cross_logP_abs_gap
45,47,22,Solute_M_nonpolar
45,47,23,Solute_HeavyAtomCount
45,47,24,Cross_TPSA_density_abs_gap
45,47,25,Solvent_BalabanJ
45,47,26,Cross_HB_directional_balance
45,47,27,Solute_MaxAbsPartialCharge
45,47,28,Solute_MinPartialCharge
45,47,29,Cross_hb_don_moment_product
45,47,30,Solvent_MolLogP
45,47,31,Solute_M_hb_acc
45,47,32,Solvent_neg_area_frac
45,47,33,Cross_surface_imbalance_product
45,47,34,Solvent_sigma_asymmetry_abs
45,47,35,Solute_pos_area_frac
45,47,36,Cross_nonpolar_match
45,47,37,Solvent_hydrophobic_density
45,47,38,Solute_NumHDonors
45,47,39,Solvent_sig3
45,47,40,Solute_neg_area_frac
45,47,41,Solvent_sig2
45,47,42,Class_ester_x_solute_HBD
45,47,43,Class_ester_x_solute_TPSA_density
45,47,44,Cross_sigma3_abs_gap
45,47,45,Solvent_self_hbond_proxy
45,47,46,Solute_NumHAcceptors
45,47,47,Cross_acc_to_don_surface
45,60,1,Solute_BertzCT
45,60,2,Temperature_K
45,60,3,Solute_TPSA
45,60,4,Solute_HB_capacity
45,60,5,Solute_MolLogP
45,60,6,Solvent_MaxPartialCharge
45,60,7,Solute_MolWt
45,60,8,Solute_BalabanJ
45,60,9,Solvent_pos_area_frac
45,60,10,Solute_polar_surface_density
45,60,11,Solute_MaxPartialCharge
45,60,12,Solute_NumRotatableBonds
45,60,13,Solute_NumAromaticRings
45,60,14,Solute_M_hb_don
45,60,15,Cross_sigma2_abs_gap
45,60,16,Solute_LabuteASA
45,60,17,Solute_sig3
45,60,18,Solute_MinAbsPartialCharge
45,60,19,Solute_RingCount
45,60,20,Solute_sig2
45,60,21,Cross_logP_abs_gap
45,60,22,Solute_M_nonpolar
45,60,23,Solute_HeavyAtomCount
45,60,24,Cross_TPSA_density_abs_gap
45,60,25,Solvent_BalabanJ
45,60,26,Cross_HB_directional_balance
45,60,27,Solute_MaxAbsPartialCharge
45,60,28,Solute_MinPartialCharge
45,60,29,Cross_hb_don_moment_product
45,60,30,Solvent_MolLogP
45,60,31,Solute_M_hb_acc
45,60,32,Solvent_neg_area_frac
45,60,33,Cross_surface_imbalance_product
45,60,34,Solvent_sigma_asymmetry_abs
45,60,35,Solute_pos_area_frac
45,60,36,Cross_nonpolar_match
45,60,37,Solvent_hydrophobic_density
45,60,38,Solute_NumHDonors
45,60,39,Solvent_sig3
45,60,40,Solute_neg_area_frac
45,60,41,Solvent_sig2
45,60,42,Class_ester_x_solute_HBD
45,60,43,Class_ester_x_solute_TPSA_density
45,60,44,Cross_sigma3_abs_gap
45,60,45,Solvent_self_hbond_proxy
45,60,46,Solute_NumHAcceptors
45,60,47,Cross_acc_to_don_surface
45,60,48,Class_nonpolar_x_nonpolar_match
45,60,49,Cross_HB_capacity_product
45,60,50,Cross_pos_area_abs_gap
45,60,51,Solute_signed_surface_imbalance
45,60,52,Solvent_signed_surface_imbalance
45,60,53,Class_nonpolar_x_solute_sigma2
45,60,54,Cross_don_to_acc_surface
45,60,55,Cross_hb_acc_moment_product
45,60,56,Solvent_MinAbsPartialCharge
45,60,57,Cross_HBA_solute_x_HBD_solvent
45,60,58,Solvent_MinPartialCharge
45,60,59,Solvent_M_hb_acc
45,60,60,Solvent_LabuteASA
46,33,1,Solute_BertzCT
46,33,2,Temperature_K
46,33,3,Solute_TPSA
46,33,4,Solute_HB_capacity
46,33,5,Solute_MolLogP
46,33,6,Solvent_pos_area_frac
46,33,7,Solute_BalabanJ
46,33,8,Solvent_MaxPartialCharge
46,33,9,Solute_MolWt
46,33,10,Solute_MaxPartialCharge
46,33,11,Solute_polar_surface_density
46,33,12,Solute_M_hb_don
46,33,13,Solute_sig3
46,33,14,Solute_RingCount
46,33,15,Solute_NumAromaticRings
46,33,16,Solute_M_nonpolar
46,33,17,Solute_sig2
46,33,18,Solute_LabuteASA
46,33,19,Cross_logP_abs_gap
46,33,20,Solute_MinAbsPartialCharge
46,33,21,Solute_NumRotatableBonds
46,33,22,Cross_sigma2_abs_gap
46,33,23,Solute_MaxAbsPartialCharge
46,33,24,Cross_TPSA_density_abs_gap
46,33,25,Solute_HeavyAtomCount
46,33,26,Cross_HB_directional_balance
46,33,27,Solvent_BalabanJ
46,33,28,Solvent_neg_area_frac
46,33,29,Solvent_sigma_asymmetry_abs
46,33,30,Solvent_MolLogP
46,33,31,Solute_MinPartialCharge
46,33,32,Cross_hb_don_moment_product
46,33,33,Solute_M_hb_acc
46,47,1,Solute_BertzCT
46,47,2,Temperature_K
46,47,3,Solute_TPSA
46,47,4,Solute_HB_capacity
46,47,5,Solute_MolLogP
46,47,6,Solvent_pos_area_frac
46,47,7,Solute_BalabanJ
46,47,8,Solvent_MaxPartialCharge
46,47,9,Solute_MolWt
46,47,10,Solute_MaxPartialCharge
46,47,11,Solute_polar_surface_density
46,47,12,Solute_M_hb_don
46,47,13,Solute_sig3
46,47,14,Solute_RingCount
46,47,15,Solute_NumAromaticRings
46,47,16,Solute_M_nonpolar
46,47,17,Solute_sig2
46,47,18,Solute_LabuteASA
46,47,19,Cross_logP_abs_gap
46,47,20,Solute_MinAbsPartialCharge
46,47,21,Solute_NumRotatableBonds
46,47,22,Cross_sigma2_abs_gap
46,47,23,Solute_MaxAbsPartialCharge
46,47,24,Cross_TPSA_density_abs_gap
46,47,25,Solute_HeavyAtomCount
46,47,26,Cross_HB_directional_balance
46,47,27,Solvent_BalabanJ
46,47,28,Solvent_neg_area_frac
46,47,29,Solvent_sigma_asymmetry_abs
46,47,30,Solvent_MolLogP
46,47,31,Solute_MinPartialCharge
46,47,32,Cross_hb_don_moment_product
46,47,33,Solute_M_hb_acc
46,47,34,Solute_NumHDonors
46,47,35,Solute_pos_area_frac
46,47,36,Cross_nonpolar_match
46,47,37,Solvent_hydrophobic_density
46,47,38,Cross_surface_imbalance_product
46,47,39,Solvent_sig3
46,47,40,Solute_neg_area_frac
46,47,41,Cross_acc_to_don_surface
46,47,42,Cross_sigma3_abs_gap
46,47,43,Solvent_sig2
46,47,44,Class_ester_x_solute_TPSA_density
46,47,45,Solute_signed_surface_imbalance
46,47,46,Class_ester_x_solute_HBD
46,47,47,Cross_HB_capacity_product
46,60,1,Solute_BertzCT
46,60,2,Temperature_K
46,60,3,Solute_TPSA
46,60,4,Solute_HB_capacity
46,60,5,Solute_MolLogP
46,60,6,Solvent_pos_area_frac
46,60,7,Solute_BalabanJ
46,60,8,Solvent_MaxPartialCharge
46,60,9,Solute_MolWt
46,60,10,Solute_MaxPartialCharge
46,60,11,Solute_polar_surface_density
46,60,12,Solute_M_hb_don
46,60,13,Solute_sig3
46,60,14,Solute_RingCount
46,60,15,Solute_NumAromaticRings
46,60,16,Solute_M_nonpolar
46,60,17,Solute_sig2
46,60,18,Solute_LabuteASA
46,60,19,Cross_logP_abs_gap
46,60,20,Solute_MinAbsPartialCharge
46,60,21,Solute_NumRotatableBonds
46,60,22,Cross_sigma2_abs_gap
46,60,23,Solute_MaxAbsPartialCharge
46,60,24,Cross_TPSA_density_abs_gap
46,60,25,Solute_HeavyAtomCount
46,60,26,Cross_HB_directional_balance
46,60,27,Solvent_BalabanJ
46,60,28,Solvent_neg_area_frac
46,60,29,Solvent_sigma_asymmetry_abs
46,60,30,Solvent_MolLogP
46,60,31,Solute_MinPartialCharge
46,60,32,Cross_hb_don_moment_product
46,60,33,Solute_M_hb_acc
46,60,34,Solute_NumHDonors
46,60,35,Solute_pos_area_frac
46,60,36,Cross_nonpolar_match
46,60,37,Solvent_hydrophobic_density
46,60,38,Cross_surface_imbalance_product
46,60,39,Solvent_sig3
46,60,40,Solute_neg_area_frac
46,60,41,Cross_acc_to_don_surface
46,60,42,Cross_sigma3_abs_gap
46,60,43,Solvent_sig2
46,60,44,Class_ester_x_solute_TPSA_density
46,60,45,Solute_signed_surface_imbalance
46,60,46,Class_ester_x_solute_HBD
46,60,47,Cross_HB_capacity_product
46,60,48,Cross_pos_area_abs_gap
46,60,49,Solvent_self_hbond_proxy
46,60,50,Solute_NumHAcceptors
46,60,51,Class_nonpolar_x_nonpolar_match
46,60,52,Solvent_LabuteASA
46,60,53,Cross_temperature_x_sigma2_gap
46,60,54,Cross_HBA_solute_x_HBD_solvent
46,60,55,Solvent_MinAbsPartialCharge
46,60,56,Class_nonpolar_x_solute_HB_capacity
46,60,57,Class_nonpolar_x_solute_sigma2
46,60,58,Class_nonpolar_x_solute_TPSA_density
46,60,59,Cross_hb_acc_moment_product
46,60,60,Cross_HBD_solute_x_HBA_solvent
47,33,1,Solute_BertzCT
47,33,2,Temperature_K
47,33,3,Solute_TPSA
47,33,4,Solute_HB_capacity
47,33,5,Solute_MolLogP
47,33,6,Solute_MolWt
47,33,7,Solvent_MaxPartialCharge
47,33,8,Solvent_pos_area_frac
47,33,9,Solute_BalabanJ
47,33,10,Solute_MaxPartialCharge
47,33,11,Solute_polar_surface_density
47,33,12,Solute_M_hb_don
47,33,13,Solute_M_nonpolar
47,33,14,Solute_RingCount
47,33,15,Solute_NumRotatableBonds
47,33,16,Solute_MinAbsPartialCharge
47,33,17,Solute_NumAromaticRings
47,33,18,Solute_sig3
47,33,19,Cross_TPSA_density_abs_gap
47,33,20,Solute_sig2
47,33,21,Cross_sigma2_abs_gap
47,33,22,Solute_LabuteASA
47,33,23,Solvent_BalabanJ
47,33,24,Cross_logP_abs_gap
47,33,25,Cross_hb_don_moment_product
47,33,26,Solute_MaxAbsPartialCharge
47,33,27,Solute_M_hb_acc
47,33,28,Cross_HB_directional_balance
47,33,29,Solute_HeavyAtomCount
47,33,30,Solute_MinPartialCharge
47,33,31,Solvent_MolLogP
47,33,32,Solvent_sigma_asymmetry_abs
47,33,33,Solute_NumHDonors
47,47,1,Solute_BertzCT
47,47,2,Temperature_K
47,47,3,Solute_TPSA
47,47,4,Solute_HB_capacity
47,47,5,Solute_MolLogP
47,47,6,Solute_MolWt
47,47,7,Solvent_MaxPartialCharge
47,47,8,Solvent_pos_area_frac
47,47,9,Solute_BalabanJ
47,47,10,Solute_MaxPartialCharge
47,47,11,Solute_polar_surface_density
47,47,12,Solute_M_hb_don
47,47,13,Solute_M_nonpolar
47,47,14,Solute_RingCount
47,47,15,Solute_NumRotatableBonds
47,47,16,Solute_MinAbsPartialCharge
47,47,17,Solute_NumAromaticRings
47,47,18,Solute_sig3
47,47,19,Cross_TPSA_density_abs_gap
47,47,20,Solute_sig2
47,47,21,Cross_sigma2_abs_gap
47,47,22,Solute_LabuteASA
47,47,23,Solvent_BalabanJ
47,47,24,Cross_logP_abs_gap
47,47,25,Cross_hb_don_moment_product
47,47,26,Solute_MaxAbsPartialCharge
47,47,27,Solute_M_hb_acc
47,47,28,Cross_HB_directional_balance
47,47,29,Solute_HeavyAtomCount
47,47,30,Solute_MinPartialCharge
47,47,31,Solvent_MolLogP
47,47,32,Solvent_sigma_asymmetry_abs
47,47,33,Solute_NumHDonors
47,47,34,Solute_pos_area_frac
47,47,35,Cross_surface_imbalance_product
47,47,36,Cross_nonpolar_match
47,47,37,Solvent_hydrophobic_density
47,47,38,Solvent_neg_area_frac
47,47,39,Solvent_sig3
47,47,40,Solute_neg_area_frac
47,47,41,Cross_sigma3_abs_gap
47,47,42,Class_ester_x_solute_HBD
47,47,43,Class_ester_x_solute_TPSA_density
47,47,44,Solvent_sig2
47,47,45,Cross_HB_capacity_product
47,47,46,Solute_NumHAcceptors
47,47,47,Solute_signed_surface_imbalance
47,60,1,Solute_BertzCT
47,60,2,Temperature_K
47,60,3,Solute_TPSA
47,60,4,Solute_HB_capacity
47,60,5,Solute_MolLogP
47,60,6,Solute_MolWt
47,60,7,Solvent_MaxPartialCharge
47,60,8,Solvent_pos_area_frac
47,60,9,Solute_BalabanJ
47,60,10,Solute_MaxPartialCharge
47,60,11,Solute_polar_surface_density
47,60,12,Solute_M_hb_don
47,60,13,Solute_M_nonpolar
47,60,14,Solute_RingCount
47,60,15,Solute_NumRotatableBonds
47,60,16,Solute_MinAbsPartialCharge
47,60,17,Solute_NumAromaticRings
47,60,18,Solute_sig3
47,60,19,Cross_TPSA_density_abs_gap
47,60,20,Solute_sig2
47,60,21,Cross_sigma2_abs_gap
47,60,22,Solute_LabuteASA
47,60,23,Solvent_BalabanJ
47,60,24,Cross_logP_abs_gap
47,60,25,Cross_hb_don_moment_product
47,60,26,Solute_MaxAbsPartialCharge
47,60,27,Solute_M_hb_acc
47,60,28,Cross_HB_directional_balance
47,60,29,Solute_HeavyAtomCount
47,60,30,Solute_MinPartialCharge
47,60,31,Solvent_MolLogP
47,60,32,Solvent_sigma_asymmetry_abs
47,60,33,Solute_NumHDonors
47,60,34,Solute_pos_area_frac
47,60,35,Cross_surface_imbalance_product
47,60,36,Cross_nonpolar_match
47,60,37,Solvent_hydrophobic_density
47,60,38,Solvent_neg_area_frac
47,60,39,Solvent_sig3
47,60,40,Solute_neg_area_frac
47,60,41,Cross_sigma3_abs_gap
47,60,42,Class_ester_x_solute_HBD
47,60,43,Class_ester_x_solute_TPSA_density
47,60,44,Solvent_sig2
47,60,45,Cross_HB_capacity_product
47,60,46,Solute_NumHAcceptors
47,60,47,Solute_signed_surface_imbalance
47,60,48,Class_nonpolar_x_solute_sigma2
47,60,49,Cross_acc_to_don_surface
47,60,50,Solvent_self_hbond_proxy
47,60,51,Cross_pos_area_abs_gap
47,60,52,Solvent_LabuteASA
47,60,53,Class_nonpolar_x_nonpolar_match
47,60,54,Cross_HBA_solute_x_HBD_solvent
47,60,55,Cross_temperature_x_sigma2_gap
47,60,56,Solvent_MinPartialCharge
47,60,57,Cross_HBD_solute_x_HBA_solvent
47,60,58,Cross_don_to_acc_surface
47,60,59,Solvent_M_nonpolar
47,60,60,Cross_hb_acc_moment_product
48,33,1,Solute_BertzCT
48,33,2,Temperature_K
48,33,3,Solute_TPSA
48,33,4,Solute_HB_capacity
48,33,5,Solute_MolLogP
48,33,6,Solute_BalabanJ
48,33,7,Solvent_pos_area_frac
48,33,8,Solute_MolWt
48,33,9,Solvent_MaxPartialCharge
48,33,10,Solute_MaxPartialCharge
48,33,11,Solute_polar_surface_density
48,33,12,Solute_M_hb_don
48,33,13,Solute_NumRotatableBonds
48,33,14,Solute_LabuteASA
48,33,15,Solute_RingCount
48,33,16,Solute_NumAromaticRings
48,33,17,Solute_MinAbsPartialCharge
48,33,18,Cross_sigma2_abs_gap
48,33,19,Solute_sig3
48,33,20,Solute_M_nonpolar
48,33,21,Cross_TPSA_density_abs_gap
48,33,22,Solute_sig2
48,33,23,Cross_logP_abs_gap
48,33,24,Solute_MaxAbsPartialCharge
48,33,25,Solute_HeavyAtomCount
48,33,26,Solvent_BalabanJ
48,33,27,Cross_hb_don_moment_product
48,33,28,Cross_HB_directional_balance
48,33,29,Solute_M_hb_acc
48,33,30,Solvent_MolLogP
48,33,31,Solute_MinPartialCharge
48,33,32,Solute_pos_area_frac
48,33,33,Solvent_sig3
48,47,1,Solute_BertzCT
48,47,2,Temperature_K
48,47,3,Solute_TPSA
48,47,4,Solute_HB_capacity
48,47,5,Solute_MolLogP
48,47,6,Solute_BalabanJ
48,47,7,Solvent_pos_area_frac
48,47,8,Solute_MolWt
48,47,9,Solvent_MaxPartialCharge
48,47,10,Solute_MaxPartialCharge
48,47,11,Solute_polar_surface_density
48,47,12,Solute_M_hb_don
48,47,13,Solute_NumRotatableBonds
48,47,14,Solute_LabuteASA
48,47,15,Solute_RingCount
48,47,16,Solute_NumAromaticRings
48,47,17,Solute_MinAbsPartialCharge
48,47,18,Cross_sigma2_abs_gap
48,47,19,Solute_sig3
48,47,20,Solute_M_nonpolar
48,47,21,Cross_TPSA_density_abs_gap
48,47,22,Solute_sig2
48,47,23,Cross_logP_abs_gap
48,47,24,Solute_MaxAbsPartialCharge
48,47,25,Solute_HeavyAtomCount
48,47,26,Solvent_BalabanJ
48,47,27,Cross_hb_don_moment_product
48,47,28,Cross_HB_directional_balance
48,47,29,Solute_M_hb_acc
48,47,30,Solvent_MolLogP
48,47,31,Solute_MinPartialCharge
48,47,32,Solute_pos_area_frac
48,47,33,Solvent_sig3
48,47,34,Cross_nonpolar_match
48,47,35,Cross_surface_imbalance_product
48,47,36,Solvent_neg_area_frac
48,47,37,Solvent_sigma_asymmetry_abs
48,47,38,Solvent_hydrophobic_density
48,47,39,Solute_NumHDonors
48,47,40,Solvent_sig2
48,47,41,Cross_HB_capacity_product
48,47,42,Cross_sigma3_abs_gap
48,47,43,Solute_neg_area_frac
48,47,44,Class_ester_x_solute_TPSA_density
48,47,45,Cross_acc_to_don_surface
48,47,46,Class_ester_x_solute_HBD
48,47,47,Solvent_self_hbond_proxy
48,60,1,Solute_BertzCT
48,60,2,Temperature_K
48,60,3,Solute_TPSA
48,60,4,Solute_HB_capacity
48,60,5,Solute_MolLogP
48,60,6,Solute_BalabanJ
48,60,7,Solvent_pos_area_frac
48,60,8,Solute_MolWt
48,60,9,Solvent_MaxPartialCharge
48,60,10,Solute_MaxPartialCharge
48,60,11,Solute_polar_surface_density
48,60,12,Solute_M_hb_don
48,60,13,Solute_NumRotatableBonds
48,60,14,Solute_LabuteASA
48,60,15,Solute_RingCount
48,60,16,Solute_NumAromaticRings
48,60,17,Solute_MinAbsPartialCharge
48,60,18,Cross_sigma2_abs_gap
48,60,19,Solute_sig3
48,60,20,Solute_M_nonpolar
48,60,21,Cross_TPSA_density_abs_gap
48,60,22,Solute_sig2
48,60,23,Cross_logP_abs_gap
48,60,24,Solute_MaxAbsPartialCharge
48,60,25,Solute_HeavyAtomCount
48,60,26,Solvent_BalabanJ
48,60,27,Cross_hb_don_moment_product
48,60,28,Cross_HB_directional_balance
48,60,29,Solute_M_hb_acc
48,60,30,Solvent_MolLogP
48,60,31,Solute_MinPartialCharge
48,60,32,Solute_pos_area_frac
48,60,33,Solvent_sig3
48,60,34,Cross_nonpolar_match
48,60,35,Cross_surface_imbalance_product
48,60,36,Solvent_neg_area_frac
48,60,37,Solvent_sigma_asymmetry_abs
48,60,38,Solvent_hydrophobic_density
48,60,39,Solute_NumHDonors
48,60,40,Solvent_sig2
48,60,41,Cross_HB_capacity_product
48,60,42,Cross_sigma3_abs_gap
48,60,43,Solute_neg_area_frac
48,60,44,Class_ester_x_solute_TPSA_density
48,60,45,Cross_acc_to_don_surface
48,60,46,Class_ester_x_solute_HBD
48,60,47,Solvent_self_hbond_proxy
48,60,48,Solute_signed_surface_imbalance
48,60,49,Solute_NumHAcceptors
48,60,50,Solvent_LabuteASA
48,60,51,Cross_pos_area_abs_gap
48,60,52,Class_nonpolar_x_nonpolar_match
48,60,53,Class_nonpolar_x_solute_HB_capacity
48,60,54,Cross_temperature_x_sigma2_gap
48,60,55,Solvent_MinPartialCharge
48,60,56,Solvent_M_nonpolar
48,60,57,Cross_HBA_solute_x_HBD_solvent
48,60,58,Class_nonpolar_x_solute_sigma2
48,60,59,Cross_hb_acc_moment_product
48,60,60,Solvent_M_hb_acc
49,33,1,Solute_BertzCT
49,33,2,Temperature_K
49,33,3,Solute_TPSA
49,33,4,Solute_MolLogP
49,33,5,Solute_HB_capacity
49,33,6,Solute_MolWt
49,33,7,Solvent_MaxPartialCharge
49,33,8,Solvent_pos_area_frac
49,33,9,Solute_BalabanJ
49,33,10,Solute_polar_surface_density
49,33,11,Solute_RingCount
49,33,12,Solute_MaxPartialCharge
49,33,13,Solute_M_hb_don
49,33,14,Solute_NumAromaticRings
49,33,15,Solute_NumRotatableBonds
49,33,16,Solute_M_nonpolar
49,33,17,Cross_sigma2_abs_gap
49,33,18,Cross_logP_abs_gap
49,33,19,Solute_sig3
49,33,20,Solute_MinAbsPartialCharge
49,33,21,Solute_LabuteASA
49,33,22,Solute_sig2
49,33,23,Solute_MaxAbsPartialCharge
49,33,24,Cross_hb_don_moment_product
49,33,25,Solvent_BalabanJ
49,33,26,Solute_HeavyAtomCount
49,33,27,Cross_HB_directional_balance
49,33,28,Cross_TPSA_density_abs_gap
49,33,29,Solvent_MolLogP
49,33,30,Solute_MinPartialCharge
49,33,31,Solute_M_hb_acc
49,33,32,Cross_HB_capacity_product
49,33,33,Solvent_sigma_asymmetry_abs
49,47,1,Solute_BertzCT
49,47,2,Temperature_K
49,47,3,Solute_TPSA
49,47,4,Solute_MolLogP
49,47,5,Solute_HB_capacity
49,47,6,Solute_MolWt
49,47,7,Solvent_MaxPartialCharge
49,47,8,Solvent_pos_area_frac
49,47,9,Solute_BalabanJ
49,47,10,Solute_polar_surface_density
49,47,11,Solute_RingCount
49,47,12,Solute_MaxPartialCharge
49,47,13,Solute_M_hb_don
49,47,14,Solute_NumAromaticRings
49,47,15,Solute_NumRotatableBonds
49,47,16,Solute_M_nonpolar
49,47,17,Cross_sigma2_abs_gap
49,47,18,Cross_logP_abs_gap
49,47,19,Solute_sig3
49,47,20,Solute_MinAbsPartialCharge
49,47,21,Solute_LabuteASA
49,47,22,Solute_sig2
49,47,23,Solute_MaxAbsPartialCharge
49,47,24,Cross_hb_don_moment_product
49,47,25,Solvent_BalabanJ
49,47,26,Solute_HeavyAtomCount
49,47,27,Cross_HB_directional_balance
49,47,28,Cross_TPSA_density_abs_gap
49,47,29,Solvent_MolLogP
49,47,30,Solute_MinPartialCharge
49,47,31,Solute_M_hb_acc
49,47,32,Cross_HB_capacity_product
49,47,33,Solvent_sigma_asymmetry_abs
49,47,34,Solvent_sig3
49,47,35,Solvent_hydrophobic_density
49,47,36,Cross_surface_imbalance_product
49,47,37,Solute_pos_area_frac
49,47,38,Solute_NumHDonors
49,47,39,Cross_nonpolar_match
49,47,40,Solute_neg_area_frac
49,47,41,Class_ester_x_solute_TPSA_density
49,47,42,Cross_sigma3_abs_gap
49,47,43,Cross_acc_to_don_surface
49,47,44,Solute_signed_surface_imbalance
49,47,45,Class_ester_x_solute_HBD
49,47,46,Solvent_sig2
49,47,47,Solvent_neg_area_frac
49,60,1,Solute_BertzCT
49,60,2,Temperature_K
49,60,3,Solute_TPSA
49,60,4,Solute_MolLogP
49,60,5,Solute_HB_capacity
49,60,6,Solute_MolWt
49,60,7,Solvent_MaxPartialCharge
49,60,8,Solvent_pos_area_frac
49,60,9,Solute_BalabanJ
49,60,10,Solute_polar_surface_density
49,60,11,Solute_RingCount
49,60,12,Solute_MaxPartialCharge
49,60,13,Solute_M_hb_don
49,60,14,Solute_NumAromaticRings
49,60,15,Solute_NumRotatableBonds
49,60,16,Solute_M_nonpolar
49,60,17,Cross_sigma2_abs_gap
49,60,18,Cross_logP_abs_gap
49,60,19,Solute_sig3
49,60,20,Solute_MinAbsPartialCharge
49,60,21,Solute_LabuteASA
49,60,22,Solute_sig2
49,60,23,Solute_MaxAbsPartialCharge
49,60,24,Cross_hb_don_moment_product
49,60,25,Solvent_BalabanJ
49,60,26,Solute_HeavyAtomCount
49,60,27,Cross_HB_directional_balance
49,60,28,Cross_TPSA_density_abs_gap
49,60,29,Solvent_MolLogP
49,60,30,Solute_MinPartialCharge
49,60,31,Solute_M_hb_acc
49,60,32,Cross_HB_capacity_product
49,60,33,Solvent_sigma_asymmetry_abs
49,60,34,Solvent_sig3
49,60,35,Solvent_hydrophobic_density
49,60,36,Cross_surface_imbalance_product
49,60,37,Solute_pos_area_frac
49,60,38,Solute_NumHDonors
49,60,39,Cross_nonpolar_match
49,60,40,Solute_neg_area_frac
49,60,41,Class_ester_x_solute_TPSA_density
49,60,42,Cross_sigma3_abs_gap
49,60,43,Cross_acc_to_don_surface
49,60,44,Solute_signed_surface_imbalance
49,60,45,Class_ester_x_solute_HBD
49,60,46,Solvent_sig2
49,60,47,Solvent_neg_area_frac
49,60,48,Solute_NumHAcceptors
49,60,49,Solvent_self_hbond_proxy
49,60,50,Cross_pos_area_abs_gap
49,60,51,Cross_hb_acc_moment_product
49,60,52,Class_nonpolar_x_nonpolar_match
49,60,53,Cross_HBD_solute_x_HBA_solvent
49,60,54,Solvent_MinPartialCharge
49,60,55,Cross_HBA_solute_x_HBD_solvent
49,60,56,Solvent_M_hb_acc
49,60,57,Solvent_M_nonpolar
49,60,58,Class_nonpolar_x_solute_TPSA_density
49,60,59,Solvent_LabuteASA
49,60,60,Solvent_MolWt
50,33,1,Solute_BertzCT
50,33,2,Temperature_K
50,33,3,Solute_TPSA
50,33,4,Solute_MolLogP
50,33,5,Solute_HB_capacity
50,33,6,Solute_MolWt
50,33,7,Solvent_MaxPartialCharge
50,33,8,Solvent_pos_area_frac
50,33,9,Solute_BalabanJ
50,33,10,Solute_MaxPartialCharge
50,33,11,Solute_RingCount
50,33,12,Solute_polar_surface_density
50,33,13,Solute_M_hb_don
50,33,14,Solute_NumAromaticRings
50,33,15,Cross_sigma2_abs_gap
50,33,16,Solute_sig3
50,33,17,Solute_MinAbsPartialCharge
50,33,18,Solute_NumRotatableBonds
50,33,19,Cross_logP_abs_gap
50,33,20,Solute_M_nonpolar
50,33,21,Solute_sig2
50,33,22,Solute_MaxAbsPartialCharge
50,33,23,Solute_LabuteASA
50,33,24,Solvent_BalabanJ
50,33,25,Solute_M_hb_acc
50,33,26,Cross_hb_don_moment_product
50,33,27,Cross_HB_directional_balance
50,33,28,Solvent_neg_area_frac
50,33,29,Solute_MinPartialCharge
50,33,30,Solvent_MolLogP
50,33,31,Solute_HeavyAtomCount
50,33,32,Solvent_sigma_asymmetry_abs
50,33,33,Solute_pos_area_frac
50,47,1,Solute_BertzCT
50,47,2,Temperature_K
50,47,3,Solute_TPSA
50,47,4,Solute_MolLogP
50,47,5,Solute_HB_capacity
50,47,6,Solute_MolWt
50,47,7,Solvent_MaxPartialCharge
50,47,8,Solvent_pos_area_frac
50,47,9,Solute_BalabanJ
50,47,10,Solute_MaxPartialCharge
50,47,11,Solute_RingCount
50,47,12,Solute_polar_surface_density
50,47,13,Solute_M_hb_don
50,47,14,Solute_NumAromaticRings
50,47,15,Cross_sigma2_abs_gap
50,47,16,Solute_sig3
50,47,17,Solute_MinAbsPartialCharge
50,47,18,Solute_NumRotatableBonds
50,47,19,Cross_logP_abs_gap
50,47,20,Solute_M_nonpolar
50,47,21,Solute_sig2
50,47,22,Solute_MaxAbsPartialCharge
50,47,23,Solute_LabuteASA
50,47,24,Solvent_BalabanJ
50,47,25,Solute_M_hb_acc
50,47,26,Cross_hb_don_moment_product
50,47,27,Cross_HB_directional_balance
50,47,28,Solvent_neg_area_frac
50,47,29,Solute_MinPartialCharge
50,47,30,Solvent_MolLogP
50,47,31,Solute_HeavyAtomCount
50,47,32,Solvent_sigma_asymmetry_abs
50,47,33,Solute_pos_area_frac
50,47,34,Cross_TPSA_density_abs_gap
50,47,35,Cross_surface_imbalance_product
50,47,36,Solute_NumHDonors
50,47,37,Cross_nonpolar_match
50,47,38,Solvent_hydrophobic_density
50,47,39,Solvent_sig3
50,47,40,Solute_neg_area_frac
50,47,41,Class_ester_x_solute_TPSA_density
50,47,42,Cross_HB_capacity_product
50,47,43,Cross_sigma3_abs_gap
50,47,44,Cross_acc_to_don_surface
50,47,45,Solvent_sig2
50,47,46,Class_ester_x_solute_HBD
50,47,47,Solute_signed_surface_imbalance
50,60,1,Solute_BertzCT
50,60,2,Temperature_K
50,60,3,Solute_TPSA
50,60,4,Solute_MolLogP
50,60,5,Solute_HB_capacity
50,60,6,Solute_MolWt
50,60,7,Solvent_MaxPartialCharge
50,60,8,Solvent_pos_area_frac
50,60,9,Solute_BalabanJ
50,60,10,Solute_MaxPartialCharge
50,60,11,Solute_RingCount
50,60,12,Solute_polar_surface_density
50,60,13,Solute_M_hb_don
50,60,14,Solute_NumAromaticRings
50,60,15,Cross_sigma2_abs_gap
50,60,16,Solute_sig3
50,60,17,Solute_MinAbsPartialCharge
50,60,18,Solute_NumRotatableBonds
50,60,19,Cross_logP_abs_gap
50,60,20,Solute_M_nonpolar
50,60,21,Solute_sig2
50,60,22,Solute_MaxAbsPartialCharge
50,60,23,Solute_LabuteASA
50,60,24,Solvent_BalabanJ
50,60,25,Solute_M_hb_acc
50,60,26,Cross_hb_don_moment_product
50,60,27,Cross_HB_directional_balance
50,60,28,Solvent_neg_area_frac
50,60,29,Solute_MinPartialCharge
50,60,30,Solvent_MolLogP
50,60,31,Solute_HeavyAtomCount
50,60,32,Solvent_sigma_asymmetry_abs
50,60,33,Solute_pos_area_frac
50,60,34,Cross_TPSA_density_abs_gap
50,60,35,Cross_surface_imbalance_product
50,60,36,Solute_NumHDonors
50,60,37,Cross_nonpolar_match
50,60,38,Solvent_hydrophobic_density
50,60,39,Solvent_sig3
50,60,40,Solute_neg_area_frac
50,60,41,Class_ester_x_solute_TPSA_density
50,60,42,Cross_HB_capacity_product
50,60,43,Cross_sigma3_abs_gap
50,60,44,Cross_acc_to_don_surface
50,60,45,Solvent_sig2
50,60,46,Class_ester_x_solute_HBD
50,60,47,Solute_signed_surface_imbalance
50,60,48,Cross_pos_area_abs_gap
50,60,49,Solute_NumHAcceptors
50,60,50,Solvent_self_hbond_proxy
50,60,51,Solvent_MinPartialCharge
50,60,52,Class_nonpolar_x_nonpolar_match
50,60,53,Solvent_LabuteASA
50,60,54,Solvent_MinAbsPartialCharge
50,60,55,Class_nonpolar_x_solute_sigma2
50,60,56,Cross_hb_acc_moment_product
50,60,57,Cross_HBD_solute_x_HBA_solvent
50,60,58,Cross_temperature_x_sigma2_gap
50,60,59,Class_nonpolar_x_solute_HB_capacity
50,60,60,Class_nonpolar_x_solute_TPSA_density
51,33,1,Solute_BertzCT
51,33,2,Temperature_K
51,33,3,Solute_TPSA
51,33,4,Solute_HB_capacity
51,33,5,Solute_MolLogP
51,33,6,Solvent_pos_area_frac
51,33,7,Solute_BalabanJ
51,33,8,Solute_MolWt
51,33,9,Solvent_MaxPartialCharge
51,33,10,Solute_MaxPartialCharge
51,33,11,Solute_NumAromaticRings
51,33,12,Solute_M_hb_don
51,33,13,Solute_RingCount
51,33,14,Solute_polar_surface_density
51,33,15,Solute_NumRotatableBonds
51,33,16,Solute_M_nonpolar
51,33,17,Solute_sig3
51,33,18,Cross_sigma2_abs_gap
51,33,19,Solute_MinAbsPartialCharge
51,33,20,Solute_MaxAbsPartialCharge
51,33,21,Cross_TPSA_density_abs_gap
51,33,22,Solute_sig2
51,33,23,Solute_LabuteASA
51,33,24,Solvent_BalabanJ
51,33,25,Cross_logP_abs_gap
51,33,26,Solute_HeavyAtomCount
51,33,27,Solute_M_hb_acc
51,33,28,Cross_HB_directional_balance
51,33,29,Cross_hb_don_moment_product
51,33,30,Solvent_MolLogP
51,33,31,Solvent_sigma_asymmetry_abs
51,33,32,Solute_MinPartialCharge
51,33,33,Solute_pos_area_frac
51,47,1,Solute_BertzCT
51,47,2,Temperature_K
51,47,3,Solute_TPSA
51,47,4,Solute_HB_capacity
51,47,5,Solute_MolLogP
51,47,6,Solvent_pos_area_frac
51,47,7,Solute_BalabanJ
51,47,8,Solute_MolWt
51,47,9,Solvent_MaxPartialCharge
51,47,10,Solute_MaxPartialCharge
51,47,11,Solute_NumAromaticRings
51,47,12,Solute_M_hb_don
51,47,13,Solute_RingCount
51,47,14,Solute_polar_surface_density
51,47,15,Solute_NumRotatableBonds
51,47,16,Solute_M_nonpolar
51,47,17,Solute_sig3
51,47,18,Cross_sigma2_abs_gap
51,47,19,Solute_MinAbsPartialCharge
51,47,20,Solute_MaxAbsPartialCharge
51,47,21,Cross_TPSA_density_abs_gap
51,47,22,Solute_sig2
51,47,23,Solute_LabuteASA
51,47,24,Solvent_BalabanJ
51,47,25,Cross_logP_abs_gap
51,47,26,Solute_HeavyAtomCount
51,47,27,Solute_M_hb_acc
51,47,28,Cross_HB_directional_balance
51,47,29,Cross_hb_don_moment_product
51,47,30,Solvent_MolLogP
51,47,31,Solvent_sigma_asymmetry_abs
51,47,32,Solute_MinPartialCharge
51,47,33,Solute_pos_area_frac
51,47,34,Solvent_sig3
51,47,35,Cross_nonpolar_match
51,47,36,Solvent_hydrophobic_density
51,47,37,Cross_surface_imbalance_product
51,47,38,Solute_NumHDonors
51,47,39,Solute_neg_area_frac
51,47,40,Class_ester_x_solute_TPSA_density
51,47,41,Cross_acc_to_don_surface
51,47,42,Cross_sigma3_abs_gap
51,47,43,Cross_HB_capacity_product
51,47,44,Solvent_sig2
51,47,45,Solvent_neg_area_frac
51,47,46,Class_ester_x_solute_HBD
51,47,47,Cross_pos_area_abs_gap
51,60,1,Solute_BertzCT
51,60,2,Temperature_K
51,60,3,Solute_TPSA
51,60,4,Solute_HB_capacity
51,60,5,Solute_MolLogP
51,60,6,Solvent_pos_area_frac
51,60,7,Solute_BalabanJ
51,60,8,Solute_MolWt
51,60,9,Solvent_MaxPartialCharge
51,60,10,Solute_MaxPartialCharge
51,60,11,Solute_NumAromaticRings
51,60,12,Solute_M_hb_don
51,60,13,Solute_RingCount
51,60,14,Solute_polar_surface_density
51,60,15,Solute_NumRotatableBonds
51,60,16,Solute_M_nonpolar
51,60,17,Solute_sig3
51,60,18,Cross_sigma2_abs_gap
51,60,19,Solute_MinAbsPartialCharge
51,60,20,Solute_MaxAbsPartialCharge
51,60,21,Cross_TPSA_density_abs_gap
51,60,22,Solute_sig2
51,60,23,Solute_LabuteASA
51,60,24,Solvent_BalabanJ
51,60,25,Cross_logP_abs_gap
51,60,26,Solute_HeavyAtomCount
51,60,27,Solute_M_hb_acc
51,60,28,Cross_HB_directional_balance
51,60,29,Cross_hb_don_moment_product
51,60,30,Solvent_MolLogP
51,60,31,Solvent_sigma_asymmetry_abs
51,60,32,Solute_MinPartialCharge
51,60,33,Solute_pos_area_frac
51,60,34,Solvent_sig3
51,60,35,Cross_nonpolar_match
51,60,36,Solvent_hydrophobic_density
51,60,37,Cross_surface_imbalance_product
51,60,38,Solute_NumHDonors
51,60,39,Solute_neg_area_frac
51,60,40,Class_ester_x_solute_TPSA_density
51,60,41,Cross_acc_to_don_surface
51,60,42,Cross_sigma3_abs_gap
51,60,43,Cross_HB_capacity_product
51,60,44,Solvent_sig2
51,60,45,Solvent_neg_area_frac
51,60,46,Class_ester_x_solute_HBD
51,60,47,Cross_pos_area_abs_gap
51,60,48,Solvent_self_hbond_proxy
51,60,49,Solute_signed_surface_imbalance
51,60,50,Class_nonpolar_x_nonpolar_match
51,60,51,Solvent_LabuteASA
51,60,52,Class_nonpolar_x_solute_sigma2
51,60,53,Solvent_MinPartialCharge
51,60,54,Class_nonpolar_x_solute_TPSA_density
51,60,55,Solvent_M_nonpolar
51,60,56,Solute_NumHAcceptors
51,60,57,Cross_hb_acc_moment_product
51,60,58,Cross_HBD_solute_x_HBA_solvent
51,60,59,Cross_HBA_solute_x_HBD_solvent
51,60,60,Solvent_MinAbsPartialCharge
52,33,1,Solute_BertzCT
52,33,2,Temperature_K
52,33,3,Solute_TPSA
52,33,4,Solute_MolLogP
52,33,5,Solute_HB_capacity
52,33,6,Solvent_MaxPartialCharge
52,33,7,Solute_MolWt
52,33,8,Solvent_pos_area_frac
52,33,9,Solute_BalabanJ
52,33,10,Solute_MaxPartialCharge
52,33,11,Solute_M_hb_don
52,33,12,Solute_polar_surface_density
52,33,13,Solute_RingCount
52,33,14,Cross_sigma2_abs_gap
52,33,15,Solute_NumRotatableBonds
52,33,16,Cross_logP_abs_gap
52,33,17,Solute_NumAromaticRings
52,33,18,Solute_MinAbsPartialCharge
52,33,19,Solute_sig3
52,33,20,Solute_MaxAbsPartialCharge
52,33,21,Solute_LabuteASA
52,33,22,Solute_M_nonpolar
52,33,23,Solute_sig2
52,33,24,Solvent_BalabanJ
52,33,25,Cross_hb_don_moment_product
52,33,26,Solvent_sigma_asymmetry_abs
52,33,27,Solute_M_hb_acc
52,33,28,Cross_TPSA_density_abs_gap
52,33,29,Solute_HeavyAtomCount
52,33,30,Cross_HB_directional_balance
52,33,31,Solute_MinPartialCharge
52,33,32,Solvent_neg_area_frac
52,33,33,Solute_pos_area_frac
52,47,1,Solute_BertzCT
52,47,2,Temperature_K
52,47,3,Solute_TPSA
52,47,4,Solute_MolLogP
52,47,5,Solute_HB_capacity
52,47,6,Solvent_MaxPartialCharge
52,47,7,Solute_MolWt
52,47,8,Solvent_pos_area_frac
52,47,9,Solute_BalabanJ
52,47,10,Solute_MaxPartialCharge
52,47,11,Solute_M_hb_don
52,47,12,Solute_polar_surface_density
52,47,13,Solute_RingCount
52,47,14,Cross_sigma2_abs_gap
52,47,15,Solute_NumRotatableBonds
52,47,16,Cross_logP_abs_gap
52,47,17,Solute_NumAromaticRings
52,47,18,Solute_MinAbsPartialCharge
52,47,19,Solute_sig3
52,47,20,Solute_MaxAbsPartialCharge
52,47,21,Solute_LabuteASA
52,47,22,Solute_M_nonpolar
52,47,23,Solute_sig2
52,47,24,Solvent_BalabanJ
52,47,25,Cross_hb_don_moment_product
52,47,26,Solvent_sigma_asymmetry_abs
52,47,27,Solute_M_hb_acc
52,47,28,Cross_TPSA_density_abs_gap
52,47,29,Solute_HeavyAtomCount
52,47,30,Cross_HB_directional_balance
52,47,31,Solute_MinPartialCharge
52,47,32,Solvent_neg_area_frac
52,47,33,Solute_pos_area_frac
52,47,34,Cross_surface_imbalance_product
52,47,35,Cross_nonpolar_match
52,47,36,Solute_NumHDonors
52,47,37,Solvent_MolLogP
52,47,38,Solute_neg_area_frac
52,47,39,Solvent_sig3
52,47,40,Solvent_hydrophobic_density
52,47,41,Class_ester_x_solute_TPSA_density
52,47,42,Solvent_sig2
52,47,43,Cross_sigma3_abs_gap
52,47,44,Solvent_self_hbond_proxy
52,47,45,Cross_acc_to_don_surface
52,47,46,Solute_signed_surface_imbalance
52,47,47,Cross_pos_area_abs_gap
52,60,1,Solute_BertzCT
52,60,2,Temperature_K
52,60,3,Solute_TPSA
52,60,4,Solute_MolLogP
52,60,5,Solute_HB_capacity
52,60,6,Solvent_MaxPartialCharge
52,60,7,Solute_MolWt
52,60,8,Solvent_pos_area_frac
52,60,9,Solute_BalabanJ
52,60,10,Solute_MaxPartialCharge
52,60,11,Solute_M_hb_don
52,60,12,Solute_polar_surface_density
52,60,13,Solute_RingCount
52,60,14,Cross_sigma2_abs_gap
52,60,15,Solute_NumRotatableBonds
52,60,16,Cross_logP_abs_gap
52,60,17,Solute_NumAromaticRings
52,60,18,Solute_MinAbsPartialCharge
52,60,19,Solute_sig3
52,60,20,Solute_MaxAbsPartialCharge
52,60,21,Solute_LabuteASA
52,60,22,Solute_M_nonpolar
52,60,23,Solute_sig2
52,60,24,Solvent_BalabanJ
52,60,25,Cross_hb_don_moment_product
52,60,26,Solvent_sigma_asymmetry_abs
52,60,27,Solute_M_hb_acc
52,60,28,Cross_TPSA_density_abs_gap
52,60,29,Solute_HeavyAtomCount
52,60,30,Cross_HB_directional_balance
52,60,31,Solute_MinPartialCharge
52,60,32,Solvent_neg_area_frac
52,60,33,Solute_pos_area_frac
52,60,34,Cross_surface_imbalance_product
52,60,35,Cross_nonpolar_match
52,60,36,Solute_NumHDonors
52,60,37,Solvent_MolLogP
52,60,38,Solute_neg_area_frac
52,60,39,Solvent_sig3
52,60,40,Solvent_hydrophobic_density
52,60,41,Class_ester_x_solute_TPSA_density
52,60,42,Solvent_sig2
52,60,43,Cross_sigma3_abs_gap
52,60,44,Solvent_self_hbond_proxy
52,60,45,Cross_acc_to_don_surface
52,60,46,Solute_signed_surface_imbalance
52,60,47,Cross_pos_area_abs_gap
52,60,48,Cross_HB_capacity_product
52,60,49,Solute_NumHAcceptors
52,60,50,Class_nonpolar_x_solute_sigma2
52,60,51,Class_ester_x_solute_HBD
52,60,52,Solvent_LabuteASA
52,60,53,Cross_HBA_solute_x_HBD_solvent
52,60,54,Cross_temperature_x_sigma2_gap
52,60,55,Class_nonpolar_x_nonpolar_match
52,60,56,Cross_hb_acc_moment_product
52,60,57,Class_nonpolar_x_solute_HB_capacity
52,60,58,Cross_HBD_solute_x_HBA_solvent
52,60,59,Cross_don_to_acc_surface
52,60,60,Solvent_MinAbsPartialCharge
53,33,1,Solute_BertzCT
53,33,2,Temperature_K
53,33,3,Solute_TPSA
53,33,4,Solute_MolLogP
53,33,5,Solute_HB_capacity
53,33,6,Solute_MolWt
53,33,7,Solvent_MaxPartialCharge
53,33,8,Solute_BalabanJ
53,33,9,Solvent_pos_area_frac
53,33,10,Solute_RingCount
53,33,11,Solute_M_hb_don
53,33,12,Solute_MaxPartialCharge
53,33,13,Solute_polar_surface_density
53,33,14,Solute_MinAbsPartialCharge
53,33,15,Cross_sigma2_abs_gap
53,33,16,Solute_sig3
53,33,17,Cross_logP_abs_gap
53,33,18,Solute_NumRotatableBonds
53,33,19,Solute_NumAromaticRings
53,33,20,Solute_sig2
53,33,21,Solute_M_nonpolar
53,33,22,Solute_LabuteASA
53,33,23,Cross_HB_directional_balance
53,33,24,Cross_TPSA_density_abs_gap
53,33,25,Solvent_BalabanJ
53,33,26,Cross_hb_don_moment_product
53,33,27,Solute_M_hb_acc
53,33,28,Solute_MaxAbsPartialCharge
53,33,29,Solvent_MolLogP
53,33,30,Solute_MinPartialCharge
53,33,31,Solute_HeavyAtomCount
53,33,32,Solvent_sigma_asymmetry_abs
53,33,33,Cross_surface_imbalance_product
53,47,1,Solute_BertzCT
53,47,2,Temperature_K
53,47,3,Solute_TPSA
53,47,4,Solute_MolLogP
53,47,5,Solute_HB_capacity
53,47,6,Solute_MolWt
53,47,7,Solvent_MaxPartialCharge
53,47,8,Solute_BalabanJ
53,47,9,Solvent_pos_area_frac
53,47,10,Solute_RingCount
53,47,11,Solute_M_hb_don
53,47,12,Solute_MaxPartialCharge
53,47,13,Solute_polar_surface_density
53,47,14,Solute_MinAbsPartialCharge
53,47,15,Cross_sigma2_abs_gap
53,47,16,Solute_sig3
53,47,17,Cross_logP_abs_gap
53,47,18,Solute_NumRotatableBonds
53,47,19,Solute_NumAromaticRings
53,47,20,Solute_sig2
53,47,21,Solute_M_nonpolar
53,47,22,Solute_LabuteASA
53,47,23,Cross_HB_directional_balance
53,47,24,Cross_TPSA_density_abs_gap
53,47,25,Solvent_BalabanJ
53,47,26,Cross_hb_don_moment_product
53,47,27,Solute_M_hb_acc
53,47,28,Solute_MaxAbsPartialCharge
53,47,29,Solvent_MolLogP
53,47,30,Solute_MinPartialCharge
53,47,31,Solute_HeavyAtomCount
53,47,32,Solvent_sigma_asymmetry_abs
53,47,33,Cross_surface_imbalance_product
53,47,34,Cross_nonpolar_match
53,47,35,Solute_pos_area_frac
53,47,36,Solvent_sig3
53,47,37,Solute_NumHDonors
53,47,38,Solvent_hydrophobic_density
53,47,39,Solvent_sig2
53,47,40,Class_ester_x_solute_TPSA_density
53,47,41,Solvent_neg_area_frac
53,47,42,Solute_neg_area_frac
53,47,43,Cross_sigma3_abs_gap
53,47,44,Class_ester_x_solute_HBD
53,47,45,Cross_HB_capacity_product
53,47,46,Cross_pos_area_abs_gap
53,47,47,Cross_acc_to_don_surface
53,60,1,Solute_BertzCT
53,60,2,Temperature_K
53,60,3,Solute_TPSA
53,60,4,Solute_MolLogP
53,60,5,Solute_HB_capacity
53,60,6,Solute_MolWt
53,60,7,Solvent_MaxPartialCharge
53,60,8,Solute_BalabanJ
53,60,9,Solvent_pos_area_frac
53,60,10,Solute_RingCount
53,60,11,Solute_M_hb_don
53,60,12,Solute_MaxPartialCharge
53,60,13,Solute_polar_surface_density
53,60,14,Solute_MinAbsPartialCharge
53,60,15,Cross_sigma2_abs_gap
53,60,16,Solute_sig3
53,60,17,Cross_logP_abs_gap
53,60,18,Solute_NumRotatableBonds
53,60,19,Solute_NumAromaticRings
53,60,20,Solute_sig2
53,60,21,Solute_M_nonpolar
53,60,22,Solute_LabuteASA
53,60,23,Cross_HB_directional_balance
53,60,24,Cross_TPSA_density_abs_gap
53,60,25,Solvent_BalabanJ
53,60,26,Cross_hb_don_moment_product
53,60,27,Solute_M_hb_acc
53,60,28,Solute_MaxAbsPartialCharge
53,60,29,Solvent_MolLogP
53,60,30,Solute_MinPartialCharge
53,60,31,Solute_HeavyAtomCount
53,60,32,Solvent_sigma_asymmetry_abs
53,60,33,Cross_surface_imbalance_product
53,60,34,Cross_nonpolar_match
53,60,35,Solute_pos_area_frac
53,60,36,Solvent_sig3
53,60,37,Solute_NumHDonors
53,60,38,Solvent_hydrophobic_density
53,60,39,Solvent_sig2
53,60,40,Class_ester_x_solute_TPSA_density
53,60,41,Solvent_neg_area_frac
53,60,42,Solute_neg_area_frac
53,60,43,Cross_sigma3_abs_gap
53,60,44,Class_ester_x_solute_HBD
53,60,45,Cross_HB_capacity_product
53,60,46,Cross_pos_area_abs_gap
53,60,47,Cross_acc_to_don_surface
53,60,48,Solute_NumHAcceptors
53,60,49,Solute_signed_surface_imbalance
53,60,50,Solvent_self_hbond_proxy
53,60,51,Solvent_MinAbsPartialCharge
53,60,52,Solvent_MinPartialCharge
53,60,53,Class_nonpolar_x_nonpolar_match
53,60,54,Solvent_LabuteASA
53,60,55,Cross_hb_acc_moment_product
53,60,56,Cross_HBA_solute_x_HBD_solvent
53,60,57,Class_nonpolar_x_solute_TPSA_density
53,60,58,Class_nonpolar_x_solute_sigma2
53,60,59,Cross_HBD_solute_x_HBA_solvent
53,60,60,Class_nonpolar_x_solute_HB_capacity
54,33,1,Solute_BertzCT
54,33,2,Temperature_K
54,33,3,Solute_TPSA
54,33,4,Solute_HB_capacity
54,33,5,Solute_MolLogP
54,33,6,Solvent_pos_area_frac
54,33,7,Solvent_MaxPartialCharge
54,33,8,Solute_MolWt
54,33,9,Solute_BalabanJ
54,33,10,Solute_MaxPartialCharge
54,33,11,Solute_RingCount
54,33,12,Solute_polar_surface_density
54,33,13,Solute_M_hb_don
54,33,14,Cross_sigma2_abs_gap
54,33,15,Solute_sig3
54,33,16,Solute_NumRotatableBonds
54,33,17,Solute_NumAromaticRings
54,33,18,Solute_M_nonpolar
54,33,19,Solute_MinAbsPartialCharge
54,33,20,Cross_logP_abs_gap
54,33,21,Solute_LabuteASA
54,33,22,Solute_sig2
54,33,23,Solute_MaxAbsPartialCharge
54,33,24,Cross_TPSA_density_abs_gap
54,33,25,Solvent_BalabanJ
54,33,26,Solvent_MolLogP
54,33,27,Cross_HB_directional_balance
54,33,28,Solute_M_hb_acc
54,33,29,Cross_hb_don_moment_product
54,33,30,Solute_HeavyAtomCount
54,33,31,Solute_MinPartialCharge
54,33,32,Solute_pos_area_frac
54,33,33,Solvent_sigma_asymmetry_abs
54,47,1,Solute_BertzCT
54,47,2,Temperature_K
54,47,3,Solute_TPSA
54,47,4,Solute_HB_capacity
54,47,5,Solute_MolLogP
54,47,6,Solvent_pos_area_frac
54,47,7,Solvent_MaxPartialCharge
54,47,8,Solute_MolWt
54,47,9,Solute_BalabanJ
54,47,10,Solute_MaxPartialCharge
54,47,11,Solute_RingCount
54,47,12,Solute_polar_surface_density
54,47,13,Solute_M_hb_don
54,47,14,Cross_sigma2_abs_gap
54,47,15,Solute_sig3
54,47,16,Solute_NumRotatableBonds
54,47,17,Solute_NumAromaticRings
54,47,18,Solute_M_nonpolar
54,47,19,Solute_MinAbsPartialCharge
54,47,20,Cross_logP_abs_gap
54,47,21,Solute_LabuteASA
54,47,22,Solute_sig2
54,47,23,Solute_MaxAbsPartialCharge
54,47,24,Cross_TPSA_density_abs_gap
54,47,25,Solvent_BalabanJ
54,47,26,Solvent_MolLogP
54,47,27,Cross_HB_directional_balance
54,47,28,Solute_M_hb_acc
54,47,29,Cross_hb_don_moment_product
54,47,30,Solute_HeavyAtomCount
54,47,31,Solute_MinPartialCharge
54,47,32,Solute_pos_area_frac
54,47,33,Solvent_sigma_asymmetry_abs
54,47,34,Cross_nonpolar_match
54,47,35,Solvent_sig3
54,47,36,Cross_surface_imbalance_product
54,47,37,Solute_NumHDonors
54,47,38,Solvent_hydrophobic_density
54,47,39,Cross_sigma3_abs_gap
54,47,40,Cross_acc_to_don_surface
54,47,41,Class_ester_x_solute_HBD
54,47,42,Solute_neg_area_frac
54,47,43,Solvent_neg_area_frac
54,47,44,Class_ester_x_solute_TPSA_density
54,47,45,Cross_HB_capacity_product
54,47,46,Solute_NumHAcceptors
54,47,47,Solute_signed_surface_imbalance
54,60,1,Solute_BertzCT
54,60,2,Temperature_K
54,60,3,Solute_TPSA
54,60,4,Solute_HB_capacity
54,60,5,Solute_MolLogP
54,60,6,Solvent_pos_area_frac
54,60,7,Solvent_MaxPartialCharge
54,60,8,Solute_MolWt
54,60,9,Solute_BalabanJ
54,60,10,Solute_MaxPartialCharge
54,60,11,Solute_RingCount
54,60,12,Solute_polar_surface_density
54,60,13,Solute_M_hb_don
54,60,14,Cross_sigma2_abs_gap
54,60,15,Solute_sig3
54,60,16,Solute_NumRotatableBonds
54,60,17,Solute_NumAromaticRings
54,60,18,Solute_M_nonpolar
54,60,19,Solute_MinAbsPartialCharge
54,60,20,Cross_logP_abs_gap
54,60,21,Solute_LabuteASA
54,60,22,Solute_sig2
54,60,23,Solute_MaxAbsPartialCharge
54,60,24,Cross_TPSA_density_abs_gap
54,60,25,Solvent_BalabanJ
54,60,26,Solvent_MolLogP
54,60,27,Cross_HB_directional_balance
54,60,28,Solute_M_hb_acc
54,60,29,Cross_hb_don_moment_product
54,60,30,Solute_HeavyAtomCount
54,60,31,Solute_MinPartialCharge
54,60,32,Solute_pos_area_frac
54,60,33,Solvent_sigma_asymmetry_abs
54,60,34,Cross_nonpolar_match
54,60,35,Solvent_sig3
54,60,36,Cross_surface_imbalance_product
54,60,37,Solute_NumHDonors
54,60,38,Solvent_hydrophobic_density
54,60,39,Cross_sigma3_abs_gap
54,60,40,Cross_acc_to_don_surface
54,60,41,Class_ester_x_solute_HBD
54,60,42,Solute_neg_area_frac
54,60,43,Solvent_neg_area_frac
54,60,44,Class_ester_x_solute_TPSA_density
54,60,45,Cross_HB_capacity_product
54,60,46,Solute_NumHAcceptors
54,60,47,Solute_signed_surface_imbalance
54,60,48,Solvent_self_hbond_proxy
54,60,49,Solvent_sig2
54,60,50,Cross_pos_area_abs_gap
54,60,51,Class_nonpolar_x_solute_sigma2
54,60,52,Class_nonpolar_x_nonpolar_match
54,60,53,Solvent_MinPartialCharge
54,60,54,Solvent_MinAbsPartialCharge
54,60,55,Class_nonpolar_x_solute_TPSA_density
54,60,56,Cross_HBA_solute_x_HBD_solvent
54,60,57,Solvent_LabuteASA
54,60,58,Cross_HBD_solute_x_HBA_solvent
54,60,59,Cross_hb_acc_moment_product
54,60,60,Solvent_MolWt
55,33,1,Solute_BertzCT
55,33,2,Temperature_K
55,33,3,Solute_TPSA
55,33,4,Solute_MolLogP
55,33,5,Solute_HB_capacity
55,33,6,Solvent_MaxPartialCharge
55,33,7,Solvent_pos_area_frac
55,33,8,Solute_MolWt
55,33,9,Solute_BalabanJ
55,33,10,Solute_MaxPartialCharge
55,33,11,Solute_polar_surface_density
55,33,12,Solute_RingCount
55,33,13,Solute_M_hb_don
55,33,14,Solute_NumAromaticRings
55,33,15,Cross_sigma2_abs_gap
55,33,16,Solute_NumRotatableBonds
55,33,17,Solute_MinAbsPartialCharge
55,33,18,Solute_sig3
55,33,19,Solute_LabuteASA
55,33,20,Solute_M_nonpolar
55,33,21,Solute_sig2
55,33,22,Cross_logP_abs_gap
55,33,23,Solute_MaxAbsPartialCharge
55,33,24,Solvent_BalabanJ
55,33,25,Solute_HeavyAtomCount
55,33,26,Cross_HB_directional_balance
55,33,27,Solvent_MolLogP
55,33,28,Cross_TPSA_density_abs_gap
55,33,29,Cross_hb_don_moment_product
55,33,30,Solute_M_hb_acc
55,33,31,Solvent_sigma_asymmetry_abs
55,33,32,Solute_MinPartialCharge
55,33,33,Solute_NumHDonors
55,47,1,Solute_BertzCT
55,47,2,Temperature_K
55,47,3,Solute_TPSA
55,47,4,Solute_MolLogP
55,47,5,Solute_HB_capacity
55,47,6,Solvent_MaxPartialCharge
55,47,7,Solvent_pos_area_frac
55,47,8,Solute_MolWt
55,47,9,Solute_BalabanJ
55,47,10,Solute_MaxPartialCharge
55,47,11,Solute_polar_surface_density
55,47,12,Solute_RingCount
55,47,13,Solute_M_hb_don
55,47,14,Solute_NumAromaticRings
55,47,15,Cross_sigma2_abs_gap
55,47,16,Solute_NumRotatableBonds
55,47,17,Solute_MinAbsPartialCharge
55,47,18,Solute_sig3
55,47,19,Solute_LabuteASA
55,47,20,Solute_M_nonpolar
55,47,21,Solute_sig2
55,47,22,Cross_logP_abs_gap
55,47,23,Solute_MaxAbsPartialCharge
55,47,24,Solvent_BalabanJ
55,47,25,Solute_HeavyAtomCount
55,47,26,Cross_HB_directional_balance
55,47,27,Solvent_MolLogP
55,47,28,Cross_TPSA_density_abs_gap
55,47,29,Cross_hb_don_moment_product
55,47,30,Solute_M_hb_acc
55,47,31,Solvent_sigma_asymmetry_abs
55,47,32,Solute_MinPartialCharge
55,47,33,Solute_NumHDonors
55,47,34,Cross_nonpolar_match
55,47,35,Solute_pos_area_frac
55,47,36,Solvent_sig3
55,47,37,Cross_surface_imbalance_product
55,47,38,Solvent_hydrophobic_density
55,47,39,Solute_neg_area_frac
55,47,40,Solvent_neg_area_frac
55,47,41,Class_ester_x_solute_TPSA_density
55,47,42,Cross_sigma3_abs_gap
55,47,43,Cross_acc_to_don_surface
55,47,44,Class_ester_x_solute_HBD
55,47,45,Solute_signed_surface_imbalance
55,47,46,Cross_HB_capacity_product
55,47,47,Solvent_sig2
55,60,1,Solute_BertzCT
55,60,2,Temperature_K
55,60,3,Solute_TPSA
55,60,4,Solute_MolLogP
55,60,5,Solute_HB_capacity
55,60,6,Solvent_MaxPartialCharge
55,60,7,Solvent_pos_area_frac
55,60,8,Solute_MolWt
55,60,9,Solute_BalabanJ
55,60,10,Solute_MaxPartialCharge
55,60,11,Solute_polar_surface_density
55,60,12,Solute_RingCount
55,60,13,Solute_M_hb_don
55,60,14,Solute_NumAromaticRings
55,60,15,Cross_sigma2_abs_gap
55,60,16,Solute_NumRotatableBonds
55,60,17,Solute_MinAbsPartialCharge
55,60,18,Solute_sig3
55,60,19,Solute_LabuteASA
55,60,20,Solute_M_nonpolar
55,60,21,Solute_sig2
55,60,22,Cross_logP_abs_gap
55,60,23,Solute_MaxAbsPartialCharge
55,60,24,Solvent_BalabanJ
55,60,25,Solute_HeavyAtomCount
55,60,26,Cross_HB_directional_balance
55,60,27,Solvent_MolLogP
55,60,28,Cross_TPSA_density_abs_gap
55,60,29,Cross_hb_don_moment_product
55,60,30,Solute_M_hb_acc
55,60,31,Solvent_sigma_asymmetry_abs
55,60,32,Solute_MinPartialCharge
55,60,33,Solute_NumHDonors
55,60,34,Cross_nonpolar_match
55,60,35,Solute_pos_area_frac
55,60,36,Solvent_sig3
55,60,37,Cross_surface_imbalance_product
55,60,38,Solvent_hydrophobic_density
55,60,39,Solute_neg_area_frac
55,60,40,Solvent_neg_area_frac
55,60,41,Class_ester_x_solute_TPSA_density
55,60,42,Cross_sigma3_abs_gap
55,60,43,Cross_acc_to_don_surface
55,60,44,Class_ester_x_solute_HBD
55,60,45,Solute_signed_surface_imbalance
55,60,46,Cross_HB_capacity_product
55,60,47,Solvent_sig2
55,60,48,Class_nonpolar_x_nonpolar_match
55,60,49,Solvent_self_hbond_proxy
55,60,50,Cross_temperature_x_sigma2_gap
55,60,51,Class_nonpolar_x_solute_sigma2
55,60,52,Cross_pos_area_abs_gap
55,60,53,Solute_NumHAcceptors
55,60,54,Cross_HBA_solute_x_HBD_solvent
55,60,55,Solvent_LabuteASA
55,60,56,Class_nonpolar_x_solute_HB_capacity
55,60,57,Solvent_MinPartialCharge
55,60,58,Solvent_M_nonpolar
55,60,59,Class_nonpolar_x_solute_TPSA_density
55,60,60,Cross_hb_acc_moment_product
56,33,1,Solute_BertzCT
56,33,2,Temperature_K
56,33,3,Solute_TPSA
56,33,4,Solute_MolLogP
56,33,5,Solute_HB_capacity
56,33,6,Solvent_MaxPartialCharge
56,33,7,Solute_BalabanJ
56,33,8,Solute_MolWt
56,33,9,Solvent_pos_area_frac
56,33,10,Solute_MaxPartialCharge
56,33,11,Solute_RingCount
56,33,12,Solute_polar_surface_density
56,33,13,Solute_M_hb_don
56,33,14,Solute_NumAromaticRings
56,33,15,Solute_NumRotatableBonds
56,33,16,Solute_sig2
56,33,17,Cross_logP_abs_gap
56,33,18,Solute_LabuteASA
56,33,19,Solute_sig3
56,33,20,Solute_MinAbsPartialCharge
56,33,21,Cross_sigma2_abs_gap
56,33,22,Solute_M_nonpolar
56,33,23,Cross_TPSA_density_abs_gap
56,33,24,Solvent_BalabanJ
56,33,25,Solute_MaxAbsPartialCharge
56,33,26,Solute_M_hb_acc
56,33,27,Solute_HeavyAtomCount
56,33,28,Solvent_sigma_asymmetry_abs
56,33,29,Cross_HB_directional_balance
56,33,30,Solute_MinPartialCharge
56,33,31,Cross_hb_don_moment_product
56,33,32,Cross_surface_imbalance_product
56,33,33,Solvent_MolLogP
56,47,1,Solute_BertzCT
56,47,2,Temperature_K
56,47,3,Solute_TPSA
56,47,4,Solute_MolLogP
56,47,5,Solute_HB_capacity
56,47,6,Solvent_MaxPartialCharge
56,47,7,Solute_BalabanJ
56,47,8,Solute_MolWt
56,47,9,Solvent_pos_area_frac
56,47,10,Solute_MaxPartialCharge
56,47,11,Solute_RingCount
56,47,12,Solute_polar_surface_density
56,47,13,Solute_M_hb_don
56,47,14,Solute_NumAromaticRings
56,47,15,Solute_NumRotatableBonds
56,47,16,Solute_sig2
56,47,17,Cross_logP_abs_gap
56,47,18,Solute_LabuteASA
56,47,19,Solute_sig3
56,47,20,Solute_MinAbsPartialCharge
56,47,21,Cross_sigma2_abs_gap
56,47,22,Solute_M_nonpolar
56,47,23,Cross_TPSA_density_abs_gap
56,47,24,Solvent_BalabanJ
56,47,25,Solute_MaxAbsPartialCharge
56,47,26,Solute_M_hb_acc
56,47,27,Solute_HeavyAtomCount
56,47,28,Solvent_sigma_asymmetry_abs
56,47,29,Cross_HB_directional_balance
56,47,30,Solute_MinPartialCharge
56,47,31,Cross_hb_don_moment_product
56,47,32,Cross_surface_imbalance_product
56,47,33,Solvent_MolLogP
56,47,34,Solvent_neg_area_frac
56,47,35,Cross_nonpolar_match
56,47,36,Solvent_sig3
56,47,37,Solute_pos_area_frac
56,47,38,Solute_NumHDonors
56,47,39,Solvent_hydrophobic_density
56,47,40,Solute_neg_area_frac
56,47,41,Class_ester_x_solute_TPSA_density
56,47,42,Cross_acc_to_don_surface
56,47,43,Cross_sigma3_abs_gap
56,47,44,Solvent_sig2
56,47,45,Cross_HB_capacity_product
56,47,46,Class_nonpolar_x_nonpolar_match
56,47,47,Solvent_self_hbond_proxy
56,60,1,Solute_BertzCT
56,60,2,Temperature_K
56,60,3,Solute_TPSA
56,60,4,Solute_MolLogP
56,60,5,Solute_HB_capacity
56,60,6,Solvent_MaxPartialCharge
56,60,7,Solute_BalabanJ
56,60,8,Solute_MolWt
56,60,9,Solvent_pos_area_frac
56,60,10,Solute_MaxPartialCharge
56,60,11,Solute_RingCount
56,60,12,Solute_polar_surface_density
56,60,13,Solute_M_hb_don
56,60,14,Solute_NumAromaticRings
56,60,15,Solute_NumRotatableBonds
56,60,16,Solute_sig2
56,60,17,Cross_logP_abs_gap
56,60,18,Solute_LabuteASA
56,60,19,Solute_sig3
56,60,20,Solute_MinAbsPartialCharge
56,60,21,Cross_sigma2_abs_gap
56,60,22,Solute_M_nonpolar
56,60,23,Cross_TPSA_density_abs_gap
56,60,24,Solvent_BalabanJ
56,60,25,Solute_MaxAbsPartialCharge
56,60,26,Solute_M_hb_acc
56,60,27,Solute_HeavyAtomCount
56,60,28,Solvent_sigma_asymmetry_abs
56,60,29,Cross_HB_directional_balance
56,60,30,Solute_MinPartialCharge
56,60,31,Cross_hb_don_moment_product
56,60,32,Cross_surface_imbalance_product
56,60,33,Solvent_MolLogP
56,60,34,Solvent_neg_area_frac
56,60,35,Cross_nonpolar_match
56,60,36,Solvent_sig3
56,60,37,Solute_pos_area_frac
56,60,38,Solute_NumHDonors
56,60,39,Solvent_hydrophobic_density
56,60,40,Solute_neg_area_frac
56,60,41,Class_ester_x_solute_TPSA_density
56,60,42,Cross_acc_to_don_surface
56,60,43,Cross_sigma3_abs_gap
56,60,44,Solvent_sig2
56,60,45,Cross_HB_capacity_product
56,60,46,Class_nonpolar_x_nonpolar_match
56,60,47,Solvent_self_hbond_proxy
56,60,48,Class_ester_x_solute_HBD
56,60,49,Cross_pos_area_abs_gap
56,60,50,Solute_signed_surface_imbalance
56,60,51,Solute_NumHAcceptors
56,60,52,Class_nonpolar_x_solute_TPSA_density
56,60,53,Cross_HBA_solute_x_HBD_solvent
56,60,54,Class_nonpolar_x_solute_sigma2
56,60,55,Solvent_MinAbsPartialCharge
56,60,56,Cross_hb_acc_moment_product
56,60,57,Solvent_LabuteASA
56,60,58,Solvent_M_hb_acc
56,60,59,Solvent_M_nonpolar
56,60,60,Class_nonpolar_x_solute_HB_capacity
57,33,1,Solute_BertzCT
57,33,2,Temperature_K
57,33,3,Solute_TPSA
57,33,4,Solute_HB_capacity
57,33,5,Solute_MolLogP
57,33,6,Solute_MolWt
57,33,7,Solvent_MaxPartialCharge
57,33,8,Solvent_pos_area_frac
57,33,9,Solute_BalabanJ
57,33,10,Solute_RingCount
57,33,11,Solute_MaxPartialCharge
57,33,12,Solute_polar_surface_density
57,33,13,Solute_NumAromaticRings
57,33,14,Solute_NumRotatableBonds
57,33,15,Solute_M_nonpolar
57,33,16,Solute_M_hb_don
57,33,17,Solute_MinAbsPartialCharge
57,33,18,Solute_sig3
57,33,19,Solute_LabuteASA
57,33,20,Solute_sig2
57,33,21,Cross_sigma2_abs_gap
57,33,22,Cross_logP_abs_gap
57,33,23,Cross_TPSA_density_abs_gap
57,33,24,Solute_MaxAbsPartialCharge
57,33,25,Cross_hb_don_moment_product
57,33,26,Solute_HeavyAtomCount
57,33,27,Solvent_BalabanJ
57,33,28,Cross_HB_directional_balance
57,33,29,Solute_M_hb_acc
57,33,30,Solute_MinPartialCharge
57,33,31,Solute_pos_area_frac
57,33,32,Solvent_MolLogP
57,33,33,Solvent_neg_area_frac
57,47,1,Solute_BertzCT
57,47,2,Temperature_K
57,47,3,Solute_TPSA
57,47,4,Solute_HB_capacity
57,47,5,Solute_MolLogP
57,47,6,Solute_MolWt
57,47,7,Solvent_MaxPartialCharge
57,47,8,Solvent_pos_area_frac
57,47,9,Solute_BalabanJ
57,47,10,Solute_RingCount
57,47,11,Solute_MaxPartialCharge
57,47,12,Solute_polar_surface_density
57,47,13,Solute_NumAromaticRings
57,47,14,Solute_NumRotatableBonds
57,47,15,Solute_M_nonpolar
57,47,16,Solute_M_hb_don
57,47,17,Solute_MinAbsPartialCharge
57,47,18,Solute_sig3
57,47,19,Solute_LabuteASA
57,47,20,Solute_sig2
57,47,21,Cross_sigma2_abs_gap
57,47,22,Cross_logP_abs_gap
57,47,23,Cross_TPSA_density_abs_gap
57,47,24,Solute_MaxAbsPartialCharge
57,47,25,Cross_hb_don_moment_product
57,47,26,Solute_HeavyAtomCount
57,47,27,Solvent_BalabanJ
57,47,28,Cross_HB_directional_balance
57,47,29,Solute_M_hb_acc
57,47,30,Solute_MinPartialCharge
57,47,31,Solute_pos_area_frac
57,47,32,Solvent_MolLogP
57,47,33,Solvent_neg_area_frac
57,47,34,Solvent_sigma_asymmetry_abs
57,47,35,Solvent_sig3
57,47,36,Cross_nonpolar_match
57,47,37,Cross_surface_imbalance_product
57,47,38,Solvent_hydrophobic_density
57,47,39,Solute_NumHDonors
57,47,40,Cross_sigma3_abs_gap
57,47,41,Class_ester_x_solute_HBD
57,47,42,Solute_neg_area_frac
57,47,43,Class_ester_x_solute_TPSA_density
57,47,44,Solvent_sig2
57,47,45,Cross_acc_to_don_surface
57,47,46,Solvent_LabuteASA
57,47,47,Cross_pos_area_abs_gap
57,60,1,Solute_BertzCT
57,60,2,Temperature_K
57,60,3,Solute_TPSA
57,60,4,Solute_HB_capacity
57,60,5,Solute_MolLogP
57,60,6,Solute_MolWt
57,60,7,Solvent_MaxPartialCharge
57,60,8,Solvent_pos_area_frac
57,60,9,Solute_BalabanJ
57,60,10,Solute_RingCount
57,60,11,Solute_MaxPartialCharge
57,60,12,Solute_polar_surface_density
57,60,13,Solute_NumAromaticRings
57,60,14,Solute_NumRotatableBonds
57,60,15,Solute_M_nonpolar
57,60,16,Solute_M_hb_don
57,60,17,Solute_MinAbsPartialCharge
57,60,18,Solute_sig3
57,60,19,Solute_LabuteASA
57,60,20,Solute_sig2
57,60,21,Cross_sigma2_abs_gap
57,60,22,Cross_logP_abs_gap
57,60,23,Cross_TPSA_density_abs_gap
57,60,24,Solute_MaxAbsPartialCharge
57,60,25,Cross_hb_don_moment_product
57,60,26,Solute_HeavyAtomCount
57,60,27,Solvent_BalabanJ
57,60,28,Cross_HB_directional_balance
57,60,29,Solute_M_hb_acc
57,60,30,Solute_MinPartialCharge
57,60,31,Solute_pos_area_frac
57,60,32,Solvent_MolLogP
57,60,33,Solvent_neg_area_frac
57,60,34,Solvent_sigma_asymmetry_abs
57,60,35,Solvent_sig3
57,60,36,Cross_nonpolar_match
57,60,37,Cross_surface_imbalance_product
57,60,38,Solvent_hydrophobic_density
57,60,39,Solute_NumHDonors
57,60,40,Cross_sigma3_abs_gap
57,60,41,Class_ester_x_solute_HBD
57,60,42,Solute_neg_area_frac
57,60,43,Class_ester_x_solute_TPSA_density
57,60,44,Solvent_sig2
57,60,45,Cross_acc_to_don_surface
57,60,46,Solvent_LabuteASA
57,60,47,Cross_pos_area_abs_gap
57,60,48,Cross_HB_capacity_product
57,60,49,Solvent_self_hbond_proxy
57,60,50,Solute_NumHAcceptors
57,60,51,Solvent_MinAbsPartialCharge
57,60,52,Class_nonpolar_x_solute_sigma2
57,60,53,Cross_HBA_solute_x_HBD_solvent
57,60,54,Class_nonpolar_x_nonpolar_match
57,60,55,Solute_signed_surface_imbalance
57,60,56,Solvent_MinPartialCharge
57,60,57,Cross_HBD_solute_x_HBA_solvent
57,60,58,Solvent_M_hb_acc
57,60,59,Cross_hb_acc_moment_product
57,60,60,Solvent_polar_surface_density
58,33,1,Solute_BertzCT
58,33,2,Temperature_K
58,33,3,Solute_TPSA
58,33,4,Solute_MolLogP
58,33,5,Solute_HB_capacity
58,33,6,Solvent_pos_area_frac
58,33,7,Solvent_MaxPartialCharge
58,33,8,Solute_MolWt
58,33,9,Solute_BalabanJ
58,33,10,Solute_MaxPartialCharge
58,33,11,Solute_NumAromaticRings
58,33,12,Solute_M_hb_don
58,33,13,Solute_polar_surface_density
58,33,14,Solute_NumRotatableBonds
58,33,15,Solute_RingCount
58,33,16,Solute_sig3
58,33,17,Cross_sigma2_abs_gap
58,33,18,Solute_MinAbsPartialCharge
58,33,19,Solute_M_nonpolar
58,33,20,Solute_sig2
58,33,21,Solvent_BalabanJ
58,33,22,Cross_logP_abs_gap
58,33,23,Solute_LabuteASA
58,33,24,Cross_TPSA_density_abs_gap
58,33,25,Cross_HB_directional_balance
58,33,26,Solute_MaxAbsPartialCharge
58,33,27,Solute_MinPartialCharge
58,33,28,Solute_M_hb_acc
58,33,29,Solvent_MolLogP
58,33,30,Solute_HeavyAtomCount
58,33,31,Solvent_hydrophobic_density
58,33,32,Solute_pos_area_frac
58,33,33,Cross_hb_don_moment_product
58,47,1,Solute_BertzCT
58,47,2,Temperature_K
58,47,3,Solute_TPSA
58,47,4,Solute_MolLogP
58,47,5,Solute_HB_capacity
58,47,6,Solvent_pos_area_frac
58,47,7,Solvent_MaxPartialCharge
58,47,8,Solute_MolWt
58,47,9,Solute_BalabanJ
58,47,10,Solute_MaxPartialCharge
58,47,11,Solute_NumAromaticRings
58,47,12,Solute_M_hb_don
58,47,13,Solute_polar_surface_density
58,47,14,Solute_NumRotatableBonds
58,47,15,Solute_RingCount
58,47,16,Solute_sig3
58,47,17,Cross_sigma2_abs_gap
58,47,18,Solute_MinAbsPartialCharge
58,47,19,Solute_M_nonpolar
58,47,20,Solute_sig2
58,47,21,Solvent_BalabanJ
58,47,22,Cross_logP_abs_gap
58,47,23,Solute_LabuteASA
58,47,24,Cross_TPSA_density_abs_gap
58,47,25,Cross_HB_directional_balance
58,47,26,Solute_MaxAbsPartialCharge
58,47,27,Solute_MinPartialCharge
58,47,28,Solute_M_hb_acc
58,47,29,Solvent_MolLogP
58,47,30,Solute_HeavyAtomCount
58,47,31,Solvent_hydrophobic_density
58,47,32,Solute_pos_area_frac
58,47,33,Cross_hb_don_moment_product
58,47,34,Solvent_sigma_asymmetry_abs
58,47,35,Cross_nonpolar_match
58,47,36,Cross_surface_imbalance_product
58,47,37,Solvent_sig3
58,47,38,Solute_neg_area_frac
58,47,39,Solute_NumHDonors
58,47,40,Class_ester_x_solute_TPSA_density
58,47,41,Solvent_neg_area_frac
58,47,42,Cross_acc_to_don_surface
58,47,43,Class_ester_x_solute_HBD
58,47,44,Cross_sigma3_abs_gap
58,47,45,Cross_HB_capacity_product
58,47,46,Solute_signed_surface_imbalance
58,47,47,Solvent_sig2
58,60,1,Solute_BertzCT
58,60,2,Temperature_K
58,60,3,Solute_TPSA
58,60,4,Solute_MolLogP
58,60,5,Solute_HB_capacity
58,60,6,Solvent_pos_area_frac
58,60,7,Solvent_MaxPartialCharge
58,60,8,Solute_MolWt
58,60,9,Solute_BalabanJ
58,60,10,Solute_MaxPartialCharge
58,60,11,Solute_NumAromaticRings
58,60,12,Solute_M_hb_don
58,60,13,Solute_polar_surface_density
58,60,14,Solute_NumRotatableBonds
58,60,15,Solute_RingCount
58,60,16,Solute_sig3
58,60,17,Cross_sigma2_abs_gap
58,60,18,Solute_MinAbsPartialCharge
58,60,19,Solute_M_nonpolar
58,60,20,Solute_sig2
58,60,21,Solvent_BalabanJ
58,60,22,Cross_logP_abs_gap
58,60,23,Solute_LabuteASA
58,60,24,Cross_TPSA_density_abs_gap
58,60,25,Cross_HB_directional_balance
58,60,26,Solute_MaxAbsPartialCharge
58,60,27,Solute_MinPartialCharge
58,60,28,Solute_M_hb_acc
58,60,29,Solvent_MolLogP
58,60,30,Solute_HeavyAtomCount
58,60,31,Solvent_hydrophobic_density
58,60,32,Solute_pos_area_frac
58,60,33,Cross_hb_don_moment_product
58,60,34,Solvent_sigma_asymmetry_abs
58,60,35,Cross_nonpolar_match
58,60,36,Cross_surface_imbalance_product
58,60,37,Solvent_sig3
58,60,38,Solute_neg_area_frac
58,60,39,Solute_NumHDonors
58,60,40,Class_ester_x_solute_TPSA_density
58,60,41,Solvent_neg_area_frac
58,60,42,Cross_acc_to_don_surface
58,60,43,Class_ester_x_solute_HBD
58,60,44,Cross_sigma3_abs_gap
58,60,45,Cross_HB_capacity_product
58,60,46,Solute_signed_surface_imbalance
58,60,47,Solvent_sig2
58,60,48,Solute_NumHAcceptors
58,60,49,Cross_pos_area_abs_gap
58,60,50,Solvent_self_hbond_proxy
58,60,51,Class_nonpolar_x_solute_HB_capacity
58,60,52,Class_nonpolar_x_solute_sigma2
58,60,53,Class_nonpolar_x_solute_TPSA_density
58,60,54,Cross_hb_acc_moment_product
58,60,55,Cross_HBD_solute_x_HBA_solvent
58,60,56,Solvent_MinPartialCharge
58,60,57,Solvent_M_nonpolar
58,60,58,Solvent_LabuteASA
58,60,59,Cross_HBA_solute_x_HBD_solvent
58,60,60,Class_nonpolar_x_nonpolar_match
59,33,1,Solute_BertzCT
59,33,2,Temperature_K
59,33,3,Solute_HB_capacity
59,33,4,Solute_TPSA
59,33,5,Solute_MolLogP
59,33,6,Solvent_pos_area_frac
59,33,7,Solvent_MaxPartialCharge
59,33,8,Solute_MolWt
59,33,9,Solute_BalabanJ
59,33,10,Solute_MaxPartialCharge
59,33,11,Solute_RingCount
59,33,12,Solute_polar_surface_density
59,33,13,Solute_NumAromaticRings
59,33,14,Solute_M_hb_don
59,33,15,Solute_NumRotatableBonds
59,33,16,Cross_sigma2_abs_gap
59,33,17,Solute_sig3
59,33,18,Solute_M_nonpolar
59,33,19,Solute_MinAbsPartialCharge
59,33,20,Cross_TPSA_density_abs_gap
59,33,21,Solute_LabuteASA
59,33,22,Cross_logP_abs_gap
59,33,23,Solute_MaxAbsPartialCharge
59,33,24,Solute_sig2
59,33,25,Cross_hb_don_moment_product
59,33,26,Solute_HeavyAtomCount
59,33,27,Solvent_BalabanJ
59,33,28,Cross_HB_directional_balance
59,33,29,Solute_M_hb_acc
59,33,30,Solute_MinPartialCharge
59,33,31,Solvent_MolLogP
59,33,32,Cross_nonpolar_match
59,33,33,Solute_pos_area_frac
59,47,1,Solute_BertzCT
59,47,2,Temperature_K
59,47,3,Solute_HB_capacity
59,47,4,Solute_TPSA
59,47,5,Solute_MolLogP
59,47,6,Solvent_pos_area_frac
59,47,7,Solvent_MaxPartialCharge
59,47,8,Solute_MolWt
59,47,9,Solute_BalabanJ
59,47,10,Solute_MaxPartialCharge
59,47,11,Solute_RingCount
59,47,12,Solute_polar_surface_density
59,47,13,Solute_NumAromaticRings
59,47,14,Solute_M_hb_don
59,47,15,Solute_NumRotatableBonds
59,47,16,Cross_sigma2_abs_gap
59,47,17,Solute_sig3
59,47,18,Solute_M_nonpolar
59,47,19,Solute_MinAbsPartialCharge
59,47,20,Cross_TPSA_density_abs_gap
59,47,21,Solute_LabuteASA
59,47,22,Cross_logP_abs_gap
59,47,23,Solute_MaxAbsPartialCharge
59,47,24,Solute_sig2
59,47,25,Cross_hb_don_moment_product
59,47,26,Solute_HeavyAtomCount
59,47,27,Solvent_BalabanJ
59,47,28,Cross_HB_directional_balance
59,47,29,Solute_M_hb_acc
59,47,30,Solute_MinPartialCharge
59,47,31,Solvent_MolLogP
59,47,32,Cross_nonpolar_match
59,47,33,Solute_pos_area_frac
59,47,34,Solvent_hydrophobic_density
59,47,35,Solvent_sigma_asymmetry_abs
59,47,36,Solvent_sig3
59,47,37,Solvent_neg_area_frac
59,47,38,Cross_surface_imbalance_product
59,47,39,Solvent_sig2
59,47,40,Solute_NumHDonors
59,47,41,Class_ester_x_solute_TPSA_density
59,47,42,Solute_neg_area_frac
59,47,43,Class_ester_x_solute_HBD
59,47,44,Cross_sigma3_abs_gap
59,47,45,Cross_acc_to_don_surface
59,47,46,Solute_signed_surface_imbalance
59,47,47,Cross_pos_area_abs_gap
59,60,1,Solute_BertzCT
59,60,2,Temperature_K
59,60,3,Solute_HB_capacity
59,60,4,Solute_TPSA
59,60,5,Solute_MolLogP
59,60,6,Solvent_pos_area_frac
59,60,7,Solvent_MaxPartialCharge
59,60,8,Solute_MolWt
59,60,9,Solute_BalabanJ
59,60,10,Solute_MaxPartialCharge
59,60,11,Solute_RingCount
59,60,12,Solute_polar_surface_density
59,60,13,Solute_NumAromaticRings
59,60,14,Solute_M_hb_don
59,60,15,Solute_NumRotatableBonds
59,60,16,Cross_sigma2_abs_gap
59,60,17,Solute_sig3
59,60,18,Solute_M_nonpolar
59,60,19,Solute_MinAbsPartialCharge
59,60,20,Cross_TPSA_density_abs_gap
59,60,21,Solute_LabuteASA
59,60,22,Cross_logP_abs_gap
59,60,23,Solute_MaxAbsPartialCharge
59,60,24,Solute_sig2
59,60,25,Cross_hb_don_moment_product
59,60,26,Solute_HeavyAtomCount
59,60,27,Solvent_BalabanJ
59,60,28,Cross_HB_directional_balance
59,60,29,Solute_M_hb_acc
59,60,30,Solute_MinPartialCharge
59,60,31,Solvent_MolLogP
59,60,32,Cross_nonpolar_match
59,60,33,Solute_pos_area_frac
59,60,34,Solvent_hydrophobic_density
59,60,35,Solvent_sigma_asymmetry_abs
59,60,36,Solvent_sig3
59,60,37,Solvent_neg_area_frac
59,60,38,Cross_surface_imbalance_product
59,60,39,Solvent_sig2
59,60,40,Solute_NumHDonors
59,60,41,Class_ester_x_solute_TPSA_density
59,60,42,Solute_neg_area_frac
59,60,43,Class_ester_x_solute_HBD
59,60,44,Cross_sigma3_abs_gap
59,60,45,Cross_acc_to_don_surface
59,60,46,Solute_signed_surface_imbalance
59,60,47,Cross_pos_area_abs_gap
59,60,48,Class_nonpolar_x_nonpolar_match
59,60,49,Solute_NumHAcceptors
59,60,50,Solvent_self_hbond_proxy
59,60,51,Solvent_LabuteASA
59,60,52,Solvent_MinAbsPartialCharge
59,60,53,Cross_HB_capacity_product
59,60,54,Cross_don_to_acc_surface
59,60,55,Class_nonpolar_x_solute_sigma2
59,60,56,Cross_HBA_solute_x_HBD_solvent
59,60,57,Cross_HBD_solute_x_HBA_solvent
59,60,58,Cross_hb_acc_moment_product
59,60,59,Solvent_M_nonpolar
59,60,60,Solvent_MinPartialCharge
60,33,1,Solute_BertzCT
60,33,2,Temperature_K
60,33,3,Solute_TPSA
60,33,4,Solute_HB_capacity
60,33,5,Solute_MolLogP
60,33,6,Solute_MolWt
60,33,7,Solvent_MaxPartialCharge
60,33,8,Solute_BalabanJ
60,33,9,Solvent_pos_area_frac
60,33,10,Solute_RingCount
60,33,11,Solute_MaxPartialCharge
60,33,12,Solute_NumAromaticRings
60,33,13,Solute_polar_surface_density
60,33,14,Solute_M_hb_don
60,33,15,Solute_sig3
60,33,16,Cross_sigma2_abs_gap
60,33,17,Solute_NumRotatableBonds
60,33,18,Solute_MinAbsPartialCharge
60,33,19,Solute_M_nonpolar
60,33,20,Solute_LabuteASA
60,33,21,Cross_logP_abs_gap
60,33,22,Cross_HB_directional_balance
60,33,23,Solute_sig2
60,33,24,Solute_MaxAbsPartialCharge
60,33,25,Solvent_BalabanJ
60,33,26,Solute_HeavyAtomCount
60,33,27,Solute_M_hb_acc
60,33,28,Cross_TPSA_density_abs_gap
60,33,29,Solute_pos_area_frac
60,33,30,Solvent_sigma_asymmetry_abs
60,33,31,Cross_hb_don_moment_product
60,33,32,Cross_surface_imbalance_product
60,33,33,Solvent_MolLogP
60,47,1,Solute_BertzCT
60,47,2,Temperature_K
60,47,3,Solute_TPSA
60,47,4,Solute_HB_capacity
60,47,5,Solute_MolLogP
60,47,6,Solute_MolWt
60,47,7,Solvent_MaxPartialCharge
60,47,8,Solute_BalabanJ
60,47,9,Solvent_pos_area_frac
60,47,10,Solute_RingCount
60,47,11,Solute_MaxPartialCharge
60,47,12,Solute_NumAromaticRings
60,47,13,Solute_polar_surface_density
60,47,14,Solute_M_hb_don
60,47,15,Solute_sig3
60,47,16,Cross_sigma2_abs_gap
60,47,17,Solute_NumRotatableBonds
60,47,18,Solute_MinAbsPartialCharge
60,47,19,Solute_M_nonpolar
60,47,20,Solute_LabuteASA
60,47,21,Cross_logP_abs_gap
60,47,22,Cross_HB_directional_balance
60,47,23,Solute_sig2
60,47,24,Solute_MaxAbsPartialCharge
60,47,25,Solvent_BalabanJ
60,47,26,Solute_HeavyAtomCount
60,47,27,Solute_M_hb_acc
60,47,28,Cross_TPSA_density_abs_gap
60,47,29,Solute_pos_area_frac
60,47,30,Solvent_sigma_asymmetry_abs
60,47,31,Cross_hb_don_moment_product
60,47,32,Cross_surface_imbalance_product
60,47,33,Solvent_MolLogP
60,47,34,Solute_MinPartialCharge
60,47,35,Cross_nonpolar_match
60,47,36,Solvent_hydrophobic_density
60,47,37,Solute_NumHDonors
60,47,38,Class_ester_x_solute_TPSA_density
60,47,39,Solvent_sig3
60,47,40,Solvent_neg_area_frac
60,47,41,Solute_neg_area_frac
60,47,42,Cross_sigma3_abs_gap
60,47,43,Cross_acc_to_don_surface
60,47,44,Solvent_self_hbond_proxy
60,47,45,Class_ester_x_solute_HBD
60,47,46,Cross_HB_capacity_product
60,47,47,Solute_NumHAcceptors
60,60,1,Solute_BertzCT
60,60,2,Temperature_K
60,60,3,Solute_TPSA
60,60,4,Solute_HB_capacity
60,60,5,Solute_MolLogP
60,60,6,Solute_MolWt
60,60,7,Solvent_MaxPartialCharge
60,60,8,Solute_BalabanJ
60,60,9,Solvent_pos_area_frac
60,60,10,Solute_RingCount
60,60,11,Solute_MaxPartialCharge
60,60,12,Solute_NumAromaticRings
60,60,13,Solute_polar_surface_density
60,60,14,Solute_M_hb_don
60,60,15,Solute_sig3
60,60,16,Cross_sigma2_abs_gap
60,60,17,Solute_NumRotatableBonds
60,60,18,Solute_MinAbsPartialCharge
60,60,19,Solute_M_nonpolar
60,60,20,Solute_LabuteASA
60,60,21,Cross_logP_abs_gap
60,60,22,Cross_HB_directional_balance
60,60,23,Solute_sig2
60,60,24,Solute_MaxAbsPartialCharge
60,60,25,Solvent_BalabanJ
60,60,26,Solute_HeavyAtomCount
60,60,27,Solute_M_hb_acc
60,60,28,Cross_TPSA_density_abs_gap
60,60,29,Solute_pos_area_frac
60,60,30,Solvent_sigma_asymmetry_abs
60,60,31,Cross_hb_don_moment_product
60,60,32,Cross_surface_imbalance_product
60,60,33,Solvent_MolLogP
60,60,34,Solute_MinPartialCharge
60,60,35,Cross_nonpolar_match
60,60,36,Solvent_hydrophobic_density
60,60,37,Solute_NumHDonors
60,60,38,Class_ester_x_solute_TPSA_density
60,60,39,Solvent_sig3
60,60,40,Solvent_neg_area_frac
60,60,41,Solute_neg_area_frac
60,60,42,Cross_sigma3_abs_gap
60,60,43,Cross_acc_to_don_surface
60,60,44,Solvent_self_hbond_proxy
60,60,45,Class_ester_x_solute_HBD
60,60,46,Cross_HB_capacity_product
60,60,47,Solute_NumHAcceptors
60,60,48,Class_nonpolar_x_nonpolar_match
60,60,49,Solvent_signed_surface_imbalance
60,60,50,Cross_pos_area_abs_gap
60,60,51,Cross_HBA_solute_x_HBD_solvent
60,60,52,Solvent_LabuteASA
60,60,53,Solvent_sig2
60,60,54,Class_nonpolar_x_solute_sigma2
60,60,55,Solvent_MinPartialCharge
60,60,56,Cross_temperature_x_sigma2_gap
60,60,57,Solvent_M_hb_acc
60,60,58,Cross_hb_acc_moment_product
60,60,59,Solute_signed_surface_imbalance
60,60,60,Solvent_MinAbsPartialCharge
61,33,1,Solute_BertzCT
61,33,2,Temperature_K
61,33,3,Solute_TPSA
61,33,4,Solute_HB_capacity
61,33,5,Solute_MolLogP
61,33,6,Solute_BalabanJ
61,33,7,Solvent_pos_area_frac
61,33,8,Solvent_MaxPartialCharge
61,33,9,Solute_MolWt
61,33,10,Solute_MaxPartialCharge
61,33,11,Solute_RingCount
61,33,12,Solute_M_hb_don
61,33,13,Solute_polar_surface_density
61,33,14,Solute_sig3
61,33,15,Solute_NumAromaticRings
61,33,16,Solute_M_nonpolar
61,33,17,Solute_NumRotatableBonds
61,33,18,Solute_MinAbsPartialCharge
61,33,19,Cross_sigma2_abs_gap
61,33,20,Cross_TPSA_density_abs_gap
61,33,21,Solute_sig2
61,33,22,Solute_MaxAbsPartialCharge
61,33,23,Solute_LabuteASA
61,33,24,Cross_logP_abs_gap
61,33,25,Solute_HeavyAtomCount
61,33,26,Cross_hb_don_moment_product
61,33,27,Cross_HB_directional_balance
61,33,28,Solvent_BalabanJ
61,33,29,Solute_pos_area_frac
61,33,30,Solvent_MolLogP
61,33,31,Solute_M_hb_acc
61,33,32,Solute_MinPartialCharge
61,33,33,Solvent_sigma_asymmetry_abs
61,47,1,Solute_BertzCT
61,47,2,Temperature_K
61,47,3,Solute_TPSA
61,47,4,Solute_HB_capacity
61,47,5,Solute_MolLogP
61,47,6,Solute_BalabanJ
61,47,7,Solvent_pos_area_frac
61,47,8,Solvent_MaxPartialCharge
61,47,9,Solute_MolWt
61,47,10,Solute_MaxPartialCharge
61,47,11,Solute_RingCount
61,47,12,Solute_M_hb_don
61,47,13,Solute_polar_surface_density
61,47,14,Solute_sig3
61,47,15,Solute_NumAromaticRings
61,47,16,Solute_M_nonpolar
61,47,17,Solute_NumRotatableBonds
61,47,18,Solute_MinAbsPartialCharge
61,47,19,Cross_sigma2_abs_gap
61,47,20,Cross_TPSA_density_abs_gap
61,47,21,Solute_sig2
61,47,22,Solute_MaxAbsPartialCharge
61,47,23,Solute_LabuteASA
61,47,24,Cross_logP_abs_gap
61,47,25,Solute_HeavyAtomCount
61,47,26,Cross_hb_don_moment_product
61,47,27,Cross_HB_directional_balance
61,47,28,Solvent_BalabanJ
61,47,29,Solute_pos_area_frac
61,47,30,Solvent_MolLogP
61,47,31,Solute_M_hb_acc
61,47,32,Solute_MinPartialCharge
61,47,33,Solvent_sigma_asymmetry_abs
61,47,34,Solvent_sig3
61,47,35,Solvent_hydrophobic_density
61,47,36,Cross_surface_imbalance_product
61,47,37,Solute_NumHDonors
61,47,38,Cross_nonpolar_match
61,47,39,Solute_neg_area_frac
61,47,40,Cross_sigma3_abs_gap
61,47,41,Class_ester_x_solute_TPSA_density
61,47,42,Solvent_sig2
61,47,43,Cross_HB_capacity_product
61,47,44,Class_ester_x_solute_HBD
61,47,45,Cross_acc_to_don_surface
61,47,46,Solvent_self_hbond_proxy
61,47,47,Solute_signed_surface_imbalance
61,60,1,Solute_BertzCT
61,60,2,Temperature_K
61,60,3,Solute_TPSA
61,60,4,Solute_HB_capacity
61,60,5,Solute_MolLogP
61,60,6,Solute_BalabanJ
61,60,7,Solvent_pos_area_frac
61,60,8,Solvent_MaxPartialCharge
61,60,9,Solute_MolWt
61,60,10,Solute_MaxPartialCharge
61,60,11,Solute_RingCount
61,60,12,Solute_M_hb_don
61,60,13,Solute_polar_surface_density
61,60,14,Solute_sig3
61,60,15,Solute_NumAromaticRings
61,60,16,Solute_M_nonpolar
61,60,17,Solute_NumRotatableBonds
61,60,18,Solute_MinAbsPartialCharge
61,60,19,Cross_sigma2_abs_gap
61,60,20,Cross_TPSA_density_abs_gap
61,60,21,Solute_sig2
61,60,22,Solute_MaxAbsPartialCharge
61,60,23,Solute_LabuteASA
61,60,24,Cross_logP_abs_gap
61,60,25,Solute_HeavyAtomCount
61,60,26,Cross_hb_don_moment_product
61,60,27,Cross_HB_directional_balance
61,60,28,Solvent_BalabanJ
61,60,29,Solute_pos_area_frac
61,60,30,Solvent_MolLogP
61,60,31,Solute_M_hb_acc
61,60,32,Solute_MinPartialCharge
61,60,33,Solvent_sigma_asymmetry_abs
61,60,34,Solvent_sig3
61,60,35,Solvent_hydrophobic_density
61,60,36,Cross_surface_imbalance_product
61,60,37,Solute_NumHDonors
61,60,38,Cross_nonpolar_match
61,60,39,Solute_neg_area_frac
61,60,40,Cross_sigma3_abs_gap
61,60,41,Class_ester_x_solute_TPSA_density
61,60,42,Solvent_sig2
61,60,43,Cross_HB_capacity_product
61,60,44,Class_ester_x_solute_HBD
61,60,45,Cross_acc_to_don_surface
61,60,46,Solvent_self_hbond_proxy
61,60,47,Solute_signed_surface_imbalance
61,60,48,Solvent_signed_surface_imbalance
61,60,49,Cross_pos_area_abs_gap
61,60,50,Solute_NumHAcceptors
61,60,51,Class_nonpolar_x_nonpolar_match
61,60,52,Class_nonpolar_x_solute_sigma2
61,60,53,Solvent_neg_area_frac
61,60,54,Cross_HBA_solute_x_HBD_solvent
61,60,55,Solvent_M_nonpolar
61,60,56,Solvent_LabuteASA
61,60,57,Class_nonpolar_x_solute_TPSA_density
61,60,58,Solvent_MinAbsPartialCharge
61,60,59,Cross_hb_acc_moment_product
61,60,60,Solvent_M_hb_acc
