seed,learner,feature_layer,feature_count,train_n,val_n,test_n,fit_seconds,predict_seconds,R2,MAE,RMSE
42,XGBoost,2D-Min,25,88054,9784,5424,1.3612616669852289,0.00566374999471,0.5393455028533936,0.6277387738227844,0.8466483597641039
43,XGBoost,2D-Min,25,88054,9784,5424,1.619102916039992,0.0078171250061132,0.553516149520874,0.6130535006523132,0.8335243403559859
44,XGBoost,2D-Min,25,88054,9784,5424,1.6270283750491217,0.006627540977206,0.535208523273468,0.6306954026222229,0.8504415711477652
45,XGBoost,2D-Min,25,88054,9784,5424,1.6150852919672616,0.0063027080032043,0.5338503122329712,0.6266311407089233,0.8516832318595483
46,XGBoost,2D-Min,25,88054,9784,5424,1.599235832982231,0.006190082989633,0.5364108681678772,0.6310976147651672,0.8493408831213911
47,XGBoost,2D-Min,25,88054,9784,5424,1.7129558750311844,0.0065994170145131,0.5367950201034546,0.6321174502372742,0.8489889049681227
48,XGBoost,2D-Min,25,88054,9784,5424,1.646956458047498,0.0064511249656789,0.5576262474060059,0.6121654510498047,0.8296789668159831
49,XGBoost,2D-Min,25,88054,9784,5424,1.6225168330129236,0.0062199170351959,0.5454303026199341,0.6168031692504883,0.8410380189060735
50,XGBoost,2D-Min,25,88054,9784,5424,1.6575450000236742,0.0063066250295378,0.5526705980300903,0.6163567900657654,0.834313178183114
51,XGBoost,2D-Min,25,88054,9784,5424,1.6539926660479978,0.0065318330307491,0.5122671127319336,0.6502344608306885,0.8711770193218171
52,XGBoost,2D-Min,25,88054,9784,5424,1.6655419580056332,0.006071416020859,0.5335260629653931,0.6319218873977661,0.8519793548813868
53,XGBoost,2D-Min,25,88054,9784,5424,1.7275662499596365,0.0063478750525973,0.5435177087783813,0.627844512462616,0.8428055457654645
54,XGBoost,2D-Min,25,88054,9784,5424,1.698601084004622,0.0060344999656081,0.518685519695282,0.6455786824226379,0.8654258636686286
55,XGBoost,2D-Min,25,88054,9784,5424,1.7434375419979915,0.0064190000412054,0.5371382236480713,0.6299161911010742,0.8486742858936754
56,XGBoost,2D-Min,25,88054,9784,5424,1.7388634999515489,0.007030582986772,0.5166629552841187,0.6364618539810181,0.8672422443327915
57,XGBoost,2D-Min,25,88054,9784,5424,1.730296374997124,0.0066661669989116,0.5370420217514038,0.6304388046264648,0.8487624935191327
58,XGBoost,2D-Min,25,88054,9784,5424,1.706016791984439,0.0066595830139704,0.5568481683731079,0.6164999604225159,0.8304082595455773
59,XGBoost,2D-Min,25,88054,9784,5424,1.69269279204309,0.0068931250134482,0.5363865494728088,0.6286404132843018,0.8493631641947141
60,XGBoost,2D-Min,25,88054,9784,5424,1.706331458000932,0.0063056249637156,0.6029757261276245,0.5859482884407043,0.7860025049101734
61,XGBoost,2D-Min,25,88054,9784,5424,1.7217519999830984,0.0063965420122258,0.5389963388442993,0.6239761710166931,0.8469691502223533
42,XGBoost,2D-Elec,33,88054,9784,5424,1.7389963750028985,0.0054056670051068,0.6781718134880066,0.5087068676948547,0.7076645854476725
43,XGBoost,2D-Elec,33,88054,9784,5424,1.8343824589974247,0.0063433329924009,0.699001133441925,0.4988496899604797,0.6843808247914936
44,XGBoost,2D-Elec,33,88054,9784,5424,1.996517124993261,0.0067624159855768,0.714377760887146,0.4777988791465759,0.6666707595063778
45,XGBoost,2D-Elec,33,88054,9784,5424,1.951037458027713,0.0062215420184656,0.6719776391983032,0.5243489742279053,0.7144422393687015
46,XGBoost,2D-Elec,33,88054,9784,5424,2.0438537090085447,0.006630457995925,0.6911052465438843,0.5013375282287598,0.6932991109098695
47,XGBoost,2D-Elec,33,88054,9784,5424,1.9903503750101663,0.0071379580185748,0.6791086196899414,0.5133042335510254,0.7066338618404544
48,XGBoost,2D-Elec,33,88054,9784,5424,1.999544624995906,0.0061420410056598,0.6714730262756348,0.5211871266365051,0.7149916115515488
49,XGBoost,2D-Elec,33,88054,9784,5424,1.9842869589920156,0.0061798749957233,0.6586300134658813,0.5274825096130371,0.7288331268037506
50,XGBoost,2D-Elec,33,88054,9784,5424,2.0144890419906005,0.0066619999706745,0.6857610940933228,0.5012452602386475,0.6992707899110567
51,XGBoost,2D-Elec,33,88054,9784,5424,2.0294702909886837,0.0068248330499045,0.6880178451538086,0.5042873024940491,0.6967552732248258
52,XGBoost,2D-Elec,33,88054,9784,5424,2.036469333048444,0.0069411249714903,0.6803015470504761,0.5073644518852234,0.705319117733489
53,XGBoost,2D-Elec,33,88054,9784,5424,2.033262500015553,0.0067043339950032,0.6681999564170837,0.5226365923881531,0.7185443915800913
54,XGBoost,2D-Elec,33,88054,9784,5424,2.0434467080049217,0.0064643750083632,0.6671513319015503,0.5251564383506775,0.7196789833191042
55,XGBoost,2D-Elec,33,88054,9784,5424,2.216234458028339,0.0071032919804565,0.6822518110275269,0.5119342803955078,0.7031645233913988
56,XGBoost,2D-Elec,33,88054,9784,5424,2.187189915974159,0.007176834042184,0.6940027475357056,0.4967591464519501,0.6900398416350108
57,XGBoost,2D-Elec,33,88054,9784,5424,2.148338667000644,0.0070574170094914,0.6777310371398926,0.5098986625671387,0.708149021141918
58,XGBoost,2D-Elec,33,88054,9784,5424,2.078163666999899,0.0066240000305697,0.6904134750366211,0.5122129917144775,0.6940750297160829
59,XGBoost,2D-Elec,33,88054,9784,5424,2.064439542009495,0.0071183749823831,0.6805682182312012,0.5116012096405029,0.7050249285720795
60,XGBoost,2D-Elec,33,88054,9784,5424,2.0593663749750704,0.0069574170047417,0.6827151775360107,0.5099579095840454,0.7026516274573091
61,XGBoost,2D-Elec,33,88054,9784,5424,2.061034374986775,0.0072202500305138,0.694324254989624,0.5025311708450317,0.6896772587667879
42,XGBoost,Sigma-Solv,47,88054,9784,5424,2.308511042036116,0.0065424999920651,0.7599157094955444,0.4394265711307525,0.611219621968297
43,XGBoost,Sigma-Solv,47,88054,9784,5424,2.4428542500245385,0.0066272499971091,0.768730878829956,0.4340707659721374,0.5998936330369978
44,XGBoost,Sigma-Solv,47,88054,9784,5424,2.5481987500097603,0.0072142499848268,0.7488445043563843,0.4477866888046264,0.6251536657255647
45,XGBoost,Sigma-Solv,47,88054,9784,5424,2.46281379199354,0.006491208972875,0.7513070702552795,0.448831558227539,0.6220812834007315
46,XGBoost,Sigma-Solv,47,88054,9784,5424,2.760654916986823,0.0072932080365717,0.7602923512458801,0.4369162023067474,0.6107400131064887
47,XGBoost,Sigma-Solv,47,88054,9784,5424,2.673284374992363,0.0074474589782767,0.7462254762649536,0.4490973055362701,0.6284047372131942
48,XGBoost,Sigma-Solv,47,88054,9784,5424,2.5370710419956595,0.00653054198483,0.7724941968917847,0.4239179193973541,0.5949927424941904
49,XGBoost,Sigma-Solv,47,88054,9784,5424,2.543235499993898,0.0067591249826364,0.7530784606933594,0.445847600698471,0.6198618686144404
50,XGBoost,Sigma-Solv,47,88054,9784,5424,2.550584417011123,0.0066508749732747,0.7587259411811829,0.4377667307853699,0.6127322223843904
51,XGBoost,Sigma-Solv,47,88054,9784,5424,2.6120230840169825,0.0068665000144392,0.7575802803039551,0.439060628414154,0.6141852501249306
52,XGBoost,Sigma-Solv,47,88054,9784,5424,2.6417548329918645,0.0067570419632829,0.760269045829773,0.4431180357933044,0.6107696566063306
53,XGBoost,Sigma-Solv,47,88054,9784,5424,2.603228750056587,0.0064965829951688,0.7587934732437134,0.4370021820068359,0.6126464182174987
54,XGBoost,Sigma-Solv,47,88054,9784,5424,2.607188208028674,0.0067467499757185,0.7532868385314941,0.4487620592117309,0.6196002156955425
55,XGBoost,Sigma-Solv,47,88054,9784,5424,2.7942519999924116,0.0079784999834373,0.7614905834197998,0.4385266005992889,0.6092116308077598
56,XGBoost,Sigma-Solv,47,88054,9784,5424,2.94576158298878,0.0086090830154716,0.7476792335510254,0.4500187933444977,0.6266022172549529
57,XGBoost,Sigma-Solv,47,88054,9784,5424,2.6825020000105724,0.0072072920156642,0.745413601398468,0.4495662748813629,0.6294090914466327
58,XGBoost,Sigma-Solv,47,88054,9784,5424,2.644295292033348,0.0068715419620275,0.7585495710372925,0.4402348399162292,0.6129561856606287
59,XGBoost,Sigma-Solv,47,88054,9784,5424,2.6211124169640243,0.0067043750314041,0.7485623359680176,0.4511514902114868,0.6255047190737466
60,XGBoost,Sigma-Solv,47,88054,9784,5424,2.675854666973464,0.0075469170114956,0.7536892890930176,0.4476888179779053,0.6190946543862498
61,XGBoost,Sigma-Solv,47,88054,9784,5424,2.6356331250281073,0.0068539170315489,0.7534046769142151,0.4470798075199127,0.6194522446505732
42,XGBoost,CAT-Solv-47,47,88054,9784,5424,2.7081565000116825,0.0074789589853025,0.7825525999069214,0.420314222574234,0.5816912329941213
43,XGBoost,CAT-Solv-47,47,88054,9784,5424,2.687874333001673,0.0063415829790756,0.7776510715484619,0.42677041888237,0.5882106682938072
44,XGBoost,CAT-Solv-47,47,88054,9784,5424,2.808559667028021,0.0066359160118736,0.7785869240760803,0.4224559068679809,0.586971540381763
45,XGBoost,CAT-Solv-47,47,88054,9784,5424,2.890500042005442,0.0073757079662755,0.790246307849884,0.4112222194671631,0.5713078683219499
46,XGBoost,CAT-Solv-47,47,88054,9784,5424,3.121881291968748,0.0088519160053692,0.7901490330696106,0.4137751162052154,0.5714403522716084
47,XGBoost,CAT-Solv-47,47,88054,9784,5424,2.9891756249708124,0.0069708749651908,0.7849832773208618,0.4137348532676697,0.5784309711633978
48,XGBoost,CAT-Solv-47,47,88054,9784,5424,2.7940667910152115,0.0069087920128367,0.8064602613449097,0.3961988389492035,0.5487827268673673
49,XGBoost,CAT-Solv-47,47,88054,9784,5424,2.8734690839773975,0.0075619160197675,0.7955563068389893,0.4028331935405731,0.5640301026738374
50,XGBoost,CAT-Solv-47,47,88054,9784,5424,2.9043684999924153,0.0068111669970676,0.8006404042243958,0.4043900370597839,0.5569727659621647
51,XGBoost,CAT-Solv-47,47,88054,9784,5424,2.906700166990049,0.006866208044812,0.7999666929244995,0.3997780680656433,0.5579130920835039
52,XGBoost,CAT-Solv-47,47,88054,9784,5424,3.2568009580136277,0.0070914999814704,0.7889416813850403,0.4117243587970733,0.5730818308106599
53,XGBoost,CAT-Solv-47,47,88054,9784,5424,2.9251094580395147,0.0073464590241201,0.7823917865753174,0.4159135520458221,0.5819062732442297
54,XGBoost,CAT-Solv-47,47,88054,9784,5424,2.923550542036537,0.0069865839905105,0.8001965880393982,0.4023840725421905,0.5575924415241648
55,XGBoost,CAT-Solv-47,47,88054,9784,5424,3.113983165996615,0.0075822080252692,0.7869564294815063,0.4166968166828155,0.5757707395590665
56,XGBoost,CAT-Solv-47,47,88054,9784,5424,3.0719273749855347,0.0075994170038029,0.7863010764122009,0.4156755208969116,0.5766556599931878
57,XGBoost,CAT-Solv-47,47,88054,9784,5424,3.0129224580014125,0.0073233749717473,0.7843523025512695,0.4178350567817688,0.5792790570287296
58,XGBoost,CAT-Solv-47,47,88054,9784,5424,3.1255317499744706,0.0070120000164024,0.7814735174179077,0.415213793516159,0.583132808710703
59,XGBoost,CAT-Solv-47,47,88054,9784,5424,2.975546665955335,0.0069205830222927,0.7813016772270203,0.4215295910835266,0.5833619797575524
60,XGBoost,CAT-Solv-47,47,88054,9784,5424,2.9377302500070073,0.0071165830013342,0.7834214568138123,0.418997198343277,0.5805279307533625
61,XGBoost,CAT-Solv-47,47,88054,9784,5424,2.944644708011765,0.007022041012533,0.7855386137962341,0.4127088487148285,0.5776834863995642
42,RandomForest,2D-Min,25,88054,9784,5424,7.070378709002398,0.0811163340113125,0.479336412729381,0.6425148721439109,0.900106703241142
43,RandomForest,2D-Min,25,88054,9784,5424,8.387445957981981,0.0412808749824762,0.4823672477319024,0.6391011829262638,0.8974830738326085
44,RandomForest,2D-Min,25,88054,9784,5424,9.11596429196652,0.0375619580154307,0.5003775196052398,0.6288776444371691,0.881731544865753
45,RandomForest,2D-Min,25,88054,9784,5424,9.210019833990373,0.0482232500216923,0.498582278338131,0.6297186059078924,0.8833142413323836
46,RandomForest,2D-Min,25,88054,9784,5424,9.415785916964523,0.0418756669969297,0.4947524565399498,0.6333659687475149,0.8866811955080238
47,RandomForest,2D-Min,25,88054,9784,5424,10.083168084034696,0.042312583012972,0.4888160473209357,0.6340386111756645,0.8918750170176866
48,RandomForest,2D-Min,25,88054,9784,5424,9.476019375026226,0.0397931660409085,0.4859836457360238,0.6379784572946257,0.894342483570198
49,RandomForest,2D-Min,25,88054,9784,5424,9.328460666001774,0.039596083050128,0.4980690834358938,0.6300277136787467,0.883766156387986
50,RandomForest,2D-Min,25,88054,9784,5424,9.40814600000158,0.0394093749928288,0.4882369038804286,0.6376128181686201,0.8923800967915474
51,RandomForest,2D-Min,25,88054,9784,5424,9.628066166944336,0.0480362909729592,0.4825461914654257,0.6387885002645327,0.8973279321290364
52,RandomForest,2D-Min,25,88054,9784,5424,9.61373179097427,0.0396441670018248,0.4995648938536873,0.6268941573609568,0.882448312699211
53,RandomForest,2D-Min,25,88054,9784,5424,9.661130250024144,0.0394934589858166,0.4995622452448598,0.6299187249109752,0.8824506479243676
54,RandomForest,2D-Min,25,88054,9784,5424,9.75888329197187,0.0520389169687405,0.486184649731016,0.6358451077330017,0.8941676019849479
55,RandomForest,2D-Min,25,88054,9784,5424,10.245830750034656,0.0741747910506092,0.4933683955912417,0.6329713699341525,0.8878948397188177
56,RandomForest,2D-Min,25,88054,9784,5424,10.239227915997615,0.0453134999843314,0.488467015421789,0.6363643741452297,0.8921794472628972
57,RandomForest,2D-Min,25,88054,9784,5424,10.276412667008117,0.046491999994032,0.4964956528287191,0.6329636290413667,0.8851502678508868
58,RandomForest,2D-Min,25,88054,9784,5424,9.84797908301698,0.0458403749507851,0.4963300980109466,0.6311520712607123,0.8852957768700729
59,RandomForest,2D-Min,25,88054,9784,5424,9.740609500033315,0.0466130420099943,0.4913143271796666,0.6341589871162127,0.8896929429970841
60,RandomForest,2D-Min,25,88054,9784,5424,9.940965457994023,0.051139790972229,0.4915947910474894,0.6311438390704234,0.8894476430594906
61,RandomForest,2D-Min,25,88054,9784,5424,9.81245087494608,0.0478495419956743,0.4928211857148072,0.6338138801435587,0.8883742153609573
42,RandomForest,2D-Elec,33,88054,9784,5424,10.229682792036328,0.03889608400641,0.5950947102922362,0.5558132042642432,0.7937653156721228
43,RandomForest,2D-Elec,33,88054,9784,5424,11.462925041036216,0.04460816597566,0.5934896016523585,0.552361403599156,0.7953370652044666
44,RandomForest,2D-Elec,33,88054,9784,5424,12.8879492499982,0.0390360410092398,0.5826110540373912,0.5608691501567341,0.8059087376466134
45,RandomForest,2D-Elec,33,88054,9784,5424,12.726337667030748,0.0367702909861691,0.5881828555410887,0.5612968243160086,0.8005115534413619
46,RandomForest,2D-Elec,33,88054,9784,5424,14.41374095896026,0.0547980419942177,0.5833771040202027,0.5642990368554167,0.8051688403518911
47,RandomForest,2D-Elec,33,88054,9784,5424,14.069987165974451,0.0411986669641919,0.5851259913607217,0.5594509771602165,0.803477106067066
48,RandomForest,2D-Elec,33,88054,9784,5424,13.243578207970131,0.0496208750410005,0.5857775213175849,0.5604673360833482,0.8028459565125531
49,RandomForest,2D-Elec,33,88054,9784,5424,13.265870667004492,0.0394613750395365,0.5849864268427342,0.5578753816237295,0.8036122404253285
50,RandomForest,2D-Elec,33,88054,9784,5424,13.30934270803118,0.0560411670012399,0.5897781517803939,0.553799716044218,0.7989595390941189
51,RandomForest,2D-Elec,33,88054,9784,5424,13.42250858299667,0.0386042089667171,0.5936670908519606,0.553819489280994,0.7951634175540441
52,RandomForest,2D-Elec,33,88054,9784,5424,13.397729207994416,0.0398554170387797,0.5899195201542418,0.5595494895831155,0.7988218607332226
53,RandomForest,2D-Elec,33,88054,9784,5424,13.407851083029527,0.0481993750436231,0.5870651238738367,0.5609127275779883,0.8015971697428855
54,RandomForest,2D-Elec,33,88054,9784,5424,13.56833458301844,0.0518170840223319,0.5783263745423921,0.5652760026942253,0.8100346783051598
55,RandomForest,2D-Elec,33,88054,9784,5424,14.824923458974808,0.0953736249939538,0.589877137301644,0.5571491977943619,0.7988631397944065
56,RandomForest,2D-Elec,33,88054,9784,5424,14.272793666983487,0.0450410000048577,0.5927219380851925,0.5593049892598664,0.7960876773882275
57,RandomForest,2D-Elec,33,88054,9784,5424,14.418430750025436,0.0459209579857997,0.5917697349015488,0.5573942813878074,0.7970177479495385
58,RandomForest,2D-Elec,33,88054,9784,5424,13.69126975000836,0.0398404159932397,0.591098484483323,0.5574807231568435,0.7976727444053825
59,RandomForest,2D-Elec,33,88054,9784,5424,13.592796833021566,0.050381125009153,0.5905824012509342,0.5556645531705195,0.7981759654765602
60,RandomForest,2D-Elec,33,88054,9784,5424,13.77992991701467,0.0394512499915435,0.5851270893639159,0.5606233147156527,0.8034760428273906
61,RandomForest,2D-Elec,33,88054,9784,5424,13.68070812500082,0.0451471249689348,0.591938236440627,0.5530847634047471,0.7968532420445815
42,RandomForest,Sigma-Solv,47,88054,9784,5424,15.853541624965146,0.0568711249507032,0.7231560864544702,0.4562520322010646,0.6563460603988308
43,RandomForest,Sigma-Solv,47,88054,9784,5424,17.46355649997713,0.0435862499871291,0.7190744757007306,0.459013396610848,0.6611667318172325
44,RandomForest,Sigma-Solv,47,88054,9784,5424,18.492184625007212,0.0453320000087842,0.7134861403844235,0.4627766849491669,0.6677105071449861
45,RandomForest,Sigma-Solv,47,88054,9784,5424,18.509877917007543,0.0380080830072984,0.7054730187361895,0.4698199236908151,0.6769832694350437
46,RandomForest,Sigma-Solv,47,88054,9784,5424,21.032364915998187,0.047097208967898,0.7146261097102236,0.4632743518967319,0.6663808539565381
47,RandomForest,Sigma-Solv,47,88054,9784,5424,20.393193583004177,0.0433649580227211,0.7146190400079647,0.4623657392525835,0.6663891081893384
48,RandomForest,Sigma-Solv,47,88054,9784,5424,19.22878845903324,0.0383847500197589,0.7171130155845867,0.4630093756696105,0.6634708947208559
49,RandomForest,Sigma-Solv,47,88054,9784,5424,19.394726375001483,0.037847374973353,0.7124040967683674,0.4652050381533657,0.6689701513378328
50,RandomForest,Sigma-Solv,47,88054,9784,5424,20.45186954201199,0.0496832079952582,0.7158439683292832,0.4615132649161177,0.6649574136989633
51,RandomForest,Sigma-Solv,47,88054,9784,5424,19.92504529096186,0.038838249980472,0.7152213209378415,0.4628905108631327,0.6656855478780025
52,RandomForest,Sigma-Solv,47,88054,9784,5424,19.747132332995537,0.0491562920506112,0.7084967693434778,0.4685740268159107,0.6734991919432953
53,RandomForest,Sigma-Solv,47,88054,9784,5424,19.72925487504108,0.0396264170412905,0.7108558024886819,0.4656641965879367,0.6707684599371242
54,RandomForest,Sigma-Solv,47,88054,9784,5424,19.60920220898697,0.0482832079869695,0.7173834970301991,0.4606470457936468,0.6631536311247309
55,RandomForest,Sigma-Solv,47,88054,9784,5424,21.419486375001725,0.0602355420123785,0.7120799765039669,0.4642580081544699,0.6693470094978525
56,RandomForest,Sigma-Solv,47,88054,9784,5424,20.961897249973845,0.0455282080220058,0.7118667743802597,0.4673063457528139,0.6695947862828935
57,RandomForest,Sigma-Solv,47,88054,9784,5424,20.35115137504181,0.0575046250014565,0.7129068640680389,0.4633060341791766,0.6683851578888943
58,RandomForest,Sigma-Solv,47,88054,9784,5424,20.22783870802959,0.0510185830062255,0.7196800792333736,0.4619431624081346,0.6604536941981143
59,RandomForest,Sigma-Solv,47,88054,9784,5424,19.975609000015535,0.0400377080077305,0.7188617334773197,0.4614933197172308,0.661417032072514
60,RandomForest,Sigma-Solv,47,88054,9784,5424,20.21198025002377,0.0529511249624192,0.7198503887577465,0.4613145224935918,0.6602530330319873
61,RandomForest,Sigma-Solv,47,88054,9784,5424,19.98941466602264,0.053236250008922,0.7163015188751591,0.460336568337763,0.6644218378716584
42,RandomForest,CAT-Solv-47,47,88054,9784,5424,19.403597666008864,0.0423577500041574,0.6685685946083614,0.5118122754391425,0.718145133864234
43,RandomForest,CAT-Solv-47,47,88054,9784,5424,20.654285666998476,0.039887707971502,0.677168449203452,0.498525505436499,0.7087668209871052
44,RandomForest,CAT-Solv-47,47,88054,9784,5424,22.35111325001344,0.0393915839958936,0.6753738459609302,0.5000024548553276,0.7107340891266719
45,RandomForest,CAT-Solv-47,47,88054,9784,5424,21.88107125001261,0.0374449999653734,0.6639259369360455,0.5102474817581412,0.7231574940224589
46,RandomForest,CAT-Solv-47,47,88054,9784,5424,24.912288375024215,0.0382940829731524,0.6814447600268936,0.4940246146016747,0.7040569168602644
47,RandomForest,CAT-Solv-47,47,88054,9784,5424,24.45109520800179,0.0440527080208994,0.6725719291068077,0.4986223624580677,0.7137947469889594
48,RandomForest,CAT-Solv-47,47,88054,9784,5424,22.655110083986074,0.0393981669913046,0.6791996833456349,0.4958312453103067,0.7065335462451185
49,RandomForest,CAT-Solv-47,47,88054,9784,5424,22.93181266600732,0.0374290409963578,0.6809699679687564,0.4949271957295077,0.704581403865811
50,RandomForest,CAT-Solv-47,47,88054,9784,5424,23.131307083007417,0.0381464580423198,0.679062455175164,0.4960969347795501,0.7066846463756451
51,RandomForest,CAT-Solv-47,47,88054,9784,5424,23.900985916960053,0.037975707964506,0.6746779554289304,0.5027277013573928,0.7114954700877617
52,RandomForest,CAT-Solv-47,47,88054,9784,5424,24.427963458001617,0.0614274159888736,0.6675677827281575,0.5102459056388629,0.7192285954916493
53,RandomForest,CAT-Solv-47,47,88054,9784,5424,23.67566974996589,0.0513243749737739,0.6824572762223033,0.496579150728472,0.7029371167434311
54,RandomForest,CAT-Solv-47,47,88054,9784,5424,23.69366091699339,0.0507691669627092,0.669082542502109,0.5015304064992506,0.7175881070256961
55,RandomForest,CAT-Solv-47,47,88054,9784,5424,24.756453417008743,0.0560969579964876,0.6774295129878123,0.4958250797688663,0.7084801842397622
56,RandomForest,CAT-Solv-47,47,88054,9784,5424,24.828719458950214,0.0576677909702993,0.6794876613390237,0.4981457116329049,0.7062163523630874
57,RandomForest,CAT-Solv-47,47,88054,9784,5424,24.250937624950893,0.0389636670006439,0.6681877315543409,0.515741773834097,0.7185576421727903
58,RandomForest,CAT-Solv-47,47,88054,9784,5424,23.938903749978635,0.0494153749896213,0.6847156044376778,0.4937168535246463,0.7004330516982594
59,RandomForest,CAT-Solv-47,47,88054,9784,5424,24.283508750027977,0.0481348749599419,0.6737076358660762,0.5089219201270995,0.7125557486079632
60,RandomForest,CAT-Solv-47,47,88054,9784,5424,23.21840770903509,0.047060250013601,0.6830242395046462,0.4943717847917297,0.7023092995092348
61,RandomForest,CAT-Solv-47,47,88054,9784,5424,24.213531833025627,0.0449227089993655,0.6701406647490957,0.5019740941045436,0.7164399296397856
42,ExtraTrees,2D-Min,25,88054,9784,5424,4.279092916985974,0.0607144170207902,0.5450115716960132,0.5925183934546497,0.8414253044513531
43,ExtraTrees,2D-Min,25,88054,9784,5424,4.886095208988991,0.0665597079787403,0.5447934491312431,0.5899753194073171,0.8416269709583245
44,ExtraTrees,2D-Min,25,88054,9784,5424,5.6063966659712605,0.0732063339673914,0.5559705351673414,0.5858503390199324,0.8312301508398573
45,ExtraTrees,2D-Min,25,88054,9784,5424,5.483503166993614,0.0629441670025698,0.5450123958811935,0.5910290149398193,0.8414245423544104
46,ExtraTrees,2D-Min,25,88054,9784,5424,5.753078083042055,0.0714212079765275,0.5491025501159239,0.5908265030095848,0.8376339713206256
47,ExtraTrees,2D-Min,25,88054,9784,5424,6.1007846249849536,0.0707803329569287,0.5424926991119035,0.5936144605332699,0.843751207392849
48,ExtraTrees,2D-Min,25,88054,9784,5424,5.78755100001581,0.0664152920362539,0.5451515781120737,0.5920622190571005,0.8412958352188531
49,ExtraTrees,2D-Min,25,88054,9784,5424,5.820520207984373,0.0792897500214167,0.5413718988123104,0.5966023037705971,0.8447840850468981
50,ExtraTrees,2D-Min,25,88054,9784,5424,5.725138707959559,0.0681164170382544,0.5435989973684835,0.591926392508989,0.8427304526866018
51,ExtraTrees,2D-Min,25,88054,9784,5424,5.7721904999925755,0.0747373749618418,0.5421887500653348,0.5921794821562597,0.8440314376686707
52,ExtraTrees,2D-Min,25,88054,9784,5424,6.114084500004537,0.0695972079993225,0.5467991513673687,0.5890711896910267,0.8397707623313362
53,ExtraTrees,2D-Min,25,88054,9784,5424,5.868934124999214,0.0736787499627098,0.5444497086345915,0.5923480636489358,0.8419446802245626
54,ExtraTrees,2D-Min,25,88054,9784,5424,5.850265374989249,0.0644988329731859,0.538582821149665,0.5968501738682997,0.8473489050998906
55,ExtraTrees,2D-Min,25,88054,9784,5424,6.337815083970781,0.0714930000249296,0.545948466822797,0.5942146200936926,0.8405585422876493
56,ExtraTrees,2D-Min,25,88054,9784,5424,6.252215208951384,0.0862063330132514,0.5502072747583759,0.5904766764504987,0.8366072163697303
57,ExtraTrees,2D-Min,25,88054,9784,5424,6.197957709024195,0.0850492920144461,0.548697633045962,0.5896667414915558,0.8380099949390201
58,ExtraTrees,2D-Min,25,88054,9784,5424,6.084372207988054,0.064431415987201,0.5535039211832639,0.5875415543572496,0.8335357234823833
59,ExtraTrees,2D-Min,25,88054,9784,5424,6.118375750025734,0.0906153329997323,0.5416034267397103,0.5933119206905249,0.8445708231480261
60,ExtraTrees,2D-Min,25,88054,9784,5424,6.009789249976166,0.0634597080061212,0.53965485015757,0.5932886181586863,0.846363992875143
61,ExtraTrees,2D-Min,25,88054,9784,5424,5.994715416978579,0.070340332982596,0.5574475093098659,0.5846550413869435,0.8298465398787607
42,ExtraTrees,2D-Elec,33,88054,9784,5424,5.92402191698784,0.059950208000373,0.608867718366368,0.5476846233731122,0.7801484025351272
43,ExtraTrees,2D-Elec,33,88054,9784,5424,6.521242667047773,0.0662289159954525,0.6110088673950491,0.5454214184774282,0.7780101152980685
44,ExtraTrees,2D-Elec,33,88054,9784,5424,7.480760416015983,0.0661248749820515,0.6106438097229778,0.5466931106760875,0.7783751004263277
45,ExtraTrees,2D-Elec,33,88054,9784,5424,7.431959667010233,0.0650880419998429,0.6080752161060385,0.5464573055960555,0.7809383609940497
46,ExtraTrees,2D-Elec,33,88054,9784,5424,8.466465250006877,0.0768777499906718,0.6071099570034273,0.549095181459394,0.7818994437461442
47,ExtraTrees,2D-Elec,33,88054,9784,5424,8.137652291974518,0.0734014999470673,0.6079089604146943,0.5491900172528709,0.7811039816516484
48,ExtraTrees,2D-Elec,33,88054,9784,5424,7.491119875048753,0.0832905420102179,0.6044384114573897,0.5480962192942214,0.7845532919171316
49,ExtraTrees,2D-Elec,33,88054,9784,5424,7.471369249979034,0.0718585000140592,0.6133795400923192,0.5439462461399304,0.7756357345928727
50,ExtraTrees,2D-Elec,33,88054,9784,5424,7.752022083033808,0.0758991669863462,0.6149975128620149,0.5407997182252184,0.7740110492044868
51,ExtraTrees,2D-Elec,33,88054,9784,5424,7.605288666964043,0.0775723329861648,0.610546034870264,0.5481256248101207,0.7784728267954081
52,ExtraTrees,2D-Elec,33,88054,9784,5424,7.69057816703571,0.0787519590230658,0.615465956678249,0.5426020559952923,0.7735400249129553
53,ExtraTrees,2D-Elec,33,88054,9784,5424,7.655055875016842,0.0937183329951949,0.6084580910017905,0.5485976882815021,0.7805568148837934
54,ExtraTrees,2D-Elec,33,88054,9784,5424,7.766227125015575,0.0637950420496054,0.6059501372472189,0.5520277053662438,0.7830526851620601
55,ExtraTrees,2D-Elec,33,88054,9784,5424,8.350952207983937,0.0608504999545402,0.6060491018842594,0.5475442842704267,0.7829543481261335
56,ExtraTrees,2D-Elec,33,88054,9784,5424,8.364212792017497,0.0918950000195764,0.6127098775566944,0.5461600041757166,0.7763071805233973
57,ExtraTrees,2D-Elec,33,88054,9784,5424,8.054101082962006,0.077376417000778,0.6105096780386663,0.5475510809559916,0.7785091624698288
58,ExtraTrees,2D-Elec,33,88054,9784,5424,7.778547124995384,0.0788149999571032,0.618874980939943,0.5396100140320228,0.770103544683763
59,ExtraTrees,2D-Elec,33,88054,9784,5424,7.974515290989075,0.0806670419988222,0.6087409370749044,0.5481852543334049,0.7802748306170604
60,ExtraTrees,2D-Elec,33,88054,9784,5424,7.846522792009637,0.0651653330423869,0.6105044729940051,0.5480415675568726,0.7785143643467348
61,ExtraTrees,2D-Elec,33,88054,9784,5424,7.842381833004765,0.0840053330175578,0.6107991390504146,0.5465572592915139,0.7782198228878641
42,ExtraTrees,Sigma-Solv,47,88054,9784,5424,8.883391084033065,0.0478715829667635,0.7246199924997024,0.4479128339033641,0.6546084341316176
43,ExtraTrees,Sigma-Solv,47,88054,9784,5424,9.810393000021577,0.0562075829948298,0.7214969630110737,0.4499712877376983,0.6583098609779618
44,ExtraTrees,Sigma-Solv,47,88054,9784,5424,10.440829125000164,0.0677437080303207,0.7294098062364537,0.4445938352302445,0.6488905055231242
45,ExtraTrees,Sigma-Solv,47,88054,9784,5424,10.418961582996417,0.0869050829787738,0.7275178480342842,0.4460807259776154,0.6511550650822366
46,ExtraTrees,Sigma-Solv,47,88054,9784,5424,12.011389207968024,0.0747397500090301,0.7317960211623837,0.441878217617231,0.6460230309682528
47,ExtraTrees,Sigma-Solv,47,88054,9784,5424,11.671446916006971,0.0695297089987434,0.7254158855086517,0.4479303249811667,0.6536617872263649
48,ExtraTrees,Sigma-Solv,47,88054,9784,5424,10.873915167001542,0.0715738750295713,0.7198014690311422,0.4505220228478108,0.6603106772097095
49,ExtraTrees,Sigma-Solv,47,88054,9784,5424,10.826304582995364,0.0865074580069631,0.7232813822359118,0.4482122771996082,0.6561975169498031
50,ExtraTrees,Sigma-Solv,47,88054,9784,5424,11.145050791965332,0.0607207500142976,0.7263679815871622,0.4478272690261493,0.652527545998262
51,ExtraTrees,Sigma-Solv,47,88054,9784,5424,10.87802612502128,0.0854870000039227,0.7232063325887008,0.4479053044617254,0.6562864955192014
52,ExtraTrees,Sigma-Solv,47,88054,9784,5424,11.259819874947423,0.0727324999752454,0.7256490119627309,0.446906393025838,0.6533842434704724
53,ExtraTrees,Sigma-Solv,47,88054,9784,5424,11.08677879202878,0.0730172920157201,0.7204997633684133,0.4483886703891122,0.6594873701784824
54,ExtraTrees,Sigma-Solv,47,88054,9784,5424,11.058570292021614,0.0830502079916186,0.7171080736957117,0.451693858670522,0.6634766899417295
55,ExtraTrees,Sigma-Solv,47,88054,9784,5424,12.049500167020597,0.0695483340532518,0.7267005732312734,0.446346925784246,0.6521308614332505
56,ExtraTrees,Sigma-Solv,47,88054,9784,5424,11.82186433300376,0.0798685000045225,0.7284029911531522,0.4419812197788594,0.6500965842687743
57,ExtraTrees,Sigma-Solv,47,88054,9784,5424,11.446641749993432,0.0632689580088481,0.7290057710396765,0.4452443934426007,0.6493747743820599
58,ExtraTrees,Sigma-Solv,47,88054,9784,5424,11.18362641701242,0.0700817500473931,0.7281400967949225,0.4461240463997217,0.6504111410958677
59,ExtraTrees,Sigma-Solv,47,88054,9784,5424,11.3210404580459,0.0724972079624421,0.7323081268270949,0.4411452608263343,0.645405981721209
60,ExtraTrees,Sigma-Solv,47,88054,9784,5424,11.47580391698284,0.0668313750065863,0.7370085342736377,0.439893585908884,0.639714538165076
61,ExtraTrees,Sigma-Solv,47,88054,9784,5424,11.168773167009933,0.0791967080440372,0.7423579949193708,0.4350782561047422,0.6331749547918409
42,ExtraTrees,CAT-Solv-47,47,88054,9784,5424,9.259052416018676,0.0592572079622186,0.7523653429411191,0.4318307098094319,0.620756256487351
43,ExtraTrees,CAT-Solv-47,47,88054,9784,5424,9.87003391701728,0.0632406250224448,0.753031540836491,0.4269777128555881,0.6199207009422592
44,ExtraTrees,CAT-Solv-47,47,88054,9784,5424,10.264696791011374,0.0723460419685579,0.7539359842492012,0.4298206193009554,0.6187845285959197
45,ExtraTrees,CAT-Solv-47,47,88054,9784,5424,10.472725375031589,0.0783214999828487,0.743694768010499,0.4361112291848394,0.6315302074651501
46,ExtraTrees,CAT-Solv-47,47,88054,9784,5424,11.332842457981316,0.0740845420514233,0.7557312115379227,0.4293354135025646,0.616523140564772
47,ExtraTrees,CAT-Solv-47,47,88054,9784,5424,11.665308416006155,0.1590773330535739,0.7509147612010222,0.4297694470089013,0.6225717190030922
48,ExtraTrees,CAT-Solv-47,47,88054,9784,5424,10.445112832996529,0.0707744170213118,0.7598090302474881,0.4243114118987459,0.611355369077356
49,ExtraTrees,CAT-Solv-47,47,88054,9784,5424,10.772835042036604,0.0746346249943599,0.7519648669721342,0.4270808508320995,0.6212579987293352
50,ExtraTrees,CAT-Solv-47,47,88054,9784,5424,10.80112120800186,0.0735321249812841,0.7524440094922876,0.4325852165380838,0.6206576502720342
51,ExtraTrees,CAT-Solv-47,47,88054,9784,5424,10.901287250046153,0.0667694169678725,0.7545757436859062,0.4298987263184183,0.6179795939733429
52,ExtraTrees,CAT-Solv-47,47,88054,9784,5424,11.14757324999664,0.0611627500038594,0.7551740911332129,0.4316525914456621,0.6172258132201468
53,ExtraTrees,CAT-Solv-47,47,88054,9784,5424,10.980088207987135,0.0730087920092046,0.7604679000202653,0.4266035654204613,0.6105162863539877
54,ExtraTrees,CAT-Solv-47,47,88054,9784,5424,11.356250750017352,0.0707262910436838,0.751607314262161,0.4288627123271072,0.6217056217792012
55,ExtraTrees,CAT-Solv-47,47,88054,9784,5424,11.82388554199133,0.2022419170243665,0.7570777948138052,0.4264587464470928,0.614821435072642
56,ExtraTrees,CAT-Solv-47,47,88054,9784,5424,11.467420458968263,0.0699179579969495,0.7518338841041445,0.4282465464580584,0.6214220146355148
57,ExtraTrees,CAT-Solv-47,47,88054,9784,5424,11.382805333007129,0.0717682500253431,0.7475172496333302,0.4388541076773922,0.6268032636196513
58,ExtraTrees,CAT-Solv-47,47,88054,9784,5424,10.99446054099826,0.06530970800668,0.7553957693127749,0.4270749173721111,0.6169463156752261
59,ExtraTrees,CAT-Solv-47,47,88054,9784,5424,12.064818750019183,0.1046130000031553,0.7516057459463007,0.431908019365672,0.6217075844562526
60,ExtraTrees,CAT-Solv-47,47,88054,9784,5424,11.076181458018254,0.0677609579870477,0.7585689303300486,0.4226829575950249,0.6129315434332478
61,ExtraTrees,CAT-Solv-47,47,88054,9784,5424,11.82438683399232,0.0747248340048827,0.7495941013181409,0.4289151269877347,0.6242199871532365
42,HistGradientBoosting,2D-Min,25,88054,9784,5424,6.588906374992803,0.0302104580332525,0.4814138698761807,0.6643921117588335,0.8983091873915954
43,HistGradientBoosting,2D-Min,25,88054,9784,5424,6.966667290951591,0.0307300830027088,0.4880162691035024,0.6652801861704356,0.8925724405425016
44,HistGradientBoosting,2D-Min,25,88054,9784,5424,7.278374124958646,0.0311794999870471,0.5001923398934078,0.661934584884724,0.8818949318961786
45,HistGradientBoosting,2D-Min,25,88054,9784,5424,7.155413000029512,0.033147124981042,0.4664044460546714,0.6800950625919274,0.9112163295976922
46,HistGradientBoosting,2D-Min,25,88054,9784,5424,8.272881959041115,0.036529375007376,0.5493117010968117,0.6281728372888202,0.8374396784859721
47,HistGradientBoosting,2D-Min,25,88054,9784,5424,12.387917459011078,0.047728375007864,0.5254863638935054,0.6314657238725688,0.8592899678890692
48,HistGradientBoosting,2D-Min,25,88054,9784,5424,6.608073042007163,0.031204292026814,0.4988066675409683,0.6578796412076687,0.8831165734502419
49,HistGradientBoosting,2D-Min,25,88054,9784,5424,6.347276000014972,0.0312979579903185,0.5187798563456282,0.6449409308558749,0.865341021738231
50,HistGradientBoosting,2D-Min,25,88054,9784,5424,6.626856958027929,0.0320234580431133,0.4724758999980744,0.6729793040846307,0.9060174148255986
51,HistGradientBoosting,2D-Min,25,88054,9784,5424,7.582561457995325,0.03613950003637,0.4974941132672312,0.6659185989631071,0.8842721958867126
52,HistGradientBoosting,2D-Min,25,88054,9784,5424,6.864762417040765,0.0394927909947,0.5127581680355517,0.6459409652954765,0.8707383580369573
53,HistGradientBoosting,2D-Min,25,88054,9784,5424,6.904827542020939,0.0341404170030728,0.4687318170549108,0.6741805980326244,0.909226942696596
54,HistGradientBoosting,2D-Min,25,88054,9784,5424,6.842425458016805,0.0330695410375483,0.5028317489423707,0.6524305485047602,0.879563272315499
55,HistGradientBoosting,2D-Min,25,88054,9784,5424,15.777640957967378,0.0500416670111008,0.4820143196659553,0.6654344373117034,0.8977889789284816
56,HistGradientBoosting,2D-Min,25,88054,9784,5424,12.037563667050565,0.0476897500338964,0.5182371672907126,0.6404529508431179,0.8658288221584539
57,HistGradientBoosting,2D-Min,25,88054,9784,5424,12.431705499999223,0.0518130830023437,0.512088564999583,0.6516770232805413,0.8713364684928979
58,HistGradientBoosting,2D-Min,25,88054,9784,5424,7.383224499993958,0.0351827499689534,0.5293049407120889,0.649862702263401,0.8558254807085263
59,HistGradientBoosting,2D-Min,25,88054,9784,5424,7.025554249994457,0.0321481249993667,0.5122062670444043,0.6509264354210189,0.8712313630755558
60,HistGradientBoosting,2D-Min,25,88054,9784,5424,7.192668833013158,0.0378390830010175,0.5520045785644957,0.6182505179772646,0.8349340652323011
61,HistGradientBoosting,2D-Min,25,88054,9784,5424,7.804710916010663,0.0331067500519566,0.5039966831819991,0.6611569006595532,0.8785321985407292
42,HistGradientBoosting,2D-Elec,33,88054,9784,5424,7.689553458010778,0.0360073749907314,0.6153704659188387,0.5562565600861347,0.7736360649652105
43,HistGradientBoosting,2D-Elec,33,88054,9784,5424,7.9492642089608125,0.0355850419728085,0.594178573071807,0.5729654585807126,0.7946627935444607
44,HistGradientBoosting,2D-Elec,33,88054,9784,5424,8.620068625023123,0.0386934999842196,0.605459612492055,0.5680883484046495,0.7835399169828229
45,HistGradientBoosting,2D-Elec,33,88054,9784,5424,7.872249291976914,0.0302292080014012,0.592917508897671,0.5710349677603155,0.7958965178055079
46,HistGradientBoosting,2D-Elec,33,88054,9784,5424,14.783303791016806,0.0504467079881578,0.5721752411155313,0.5849684034870832,0.815921448879558
47,HistGradientBoosting,2D-Elec,33,88054,9784,5424,13.025119249999989,0.0464442499796859,0.6122860241000423,0.5532047223197258,0.7767318628040842
48,HistGradientBoosting,2D-Elec,33,88054,9784,5424,6.866863291012123,0.0328234169865027,0.6034720956678857,0.5678316390381857,0.7855109983962715
49,HistGradientBoosting,2D-Elec,33,88054,9784,5424,7.057862291985657,0.0330327919800765,0.601937920187211,0.5659823103129726,0.7870291113698562
50,HistGradientBoosting,2D-Elec,33,88054,9784,5424,7.27818224998191,0.0324729579733684,0.6370304193155201,0.5431114761669639,0.7515372438072762
51,HistGradientBoosting,2D-Elec,33,88054,9784,5424,7.421611541998573,0.0391317919711582,0.5959367289090189,0.5746121792998561,0.7929395509492183
52,HistGradientBoosting,2D-Elec,33,88054,9784,5424,7.843287083029281,0.0445552500314079,0.5540203689508973,0.6033488369033723,0.8330535219177426
53,HistGradientBoosting,2D-Elec,33,88054,9784,5424,7.444942875008564,0.0326643330045044,0.5991126254599484,0.5716203004473547,0.7898171910459348
54,HistGradientBoosting,2D-Elec,33,88054,9784,5424,7.462589917005971,0.0323639169801026,0.6138015711930822,0.559005341290526,0.7752122808229042
55,HistGradientBoosting,2D-Elec,33,88054,9784,5424,14.783939707966056,0.0556500420207157,0.6181069935679224,0.5595582305999992,0.7708790541977166
56,HistGradientBoosting,2D-Elec,33,88054,9784,5424,13.136784542002715,0.0539158749743364,0.624418400601193,0.5506190837705953,0.7644824966043379
57,HistGradientBoosting,2D-Elec,33,88054,9784,5424,7.883661874977406,0.0346030840300954,0.6092501787778656,0.5633584830337118,0.7797668834571929
58,HistGradientBoosting,2D-Elec,33,88054,9784,5424,8.1936522499891,0.0362610410084016,0.5896722881186316,0.5732953991359576,0.7990626239574153
59,HistGradientBoosting,2D-Elec,33,88054,9784,5424,7.793424249975942,0.0361314580077305,0.6031362496904267,0.5628221056632602,0.7858435788655066
60,HistGradientBoosting,2D-Elec,33,88054,9784,5424,9.487192832981236,0.0378862500074319,0.6242795865645587,0.5498962611836684,0.7646237589794984
61,HistGradientBoosting,2D-Elec,33,88054,9784,5424,7.719508250011131,0.0359605840058065,0.6205584020299723,0.5559141408159848,0.7684008969877577
42,HistGradientBoosting,Sigma-Solv,47,88054,9784,5424,8.193957291019615,0.0330582080059684,0.7767229152159754,0.4258812424448712,0.5894371026417216
43,HistGradientBoosting,Sigma-Solv,47,88054,9784,5424,12.229839249979705,0.0435644999961368,0.7775762193587311,0.4217278130042165,0.5883096904954017
44,HistGradientBoosting,Sigma-Solv,47,88054,9784,5424,8.173624750052113,0.0352753329789266,0.772701420209073,0.4209608205782754,0.594721657218441
45,HistGradientBoosting,Sigma-Solv,47,88054,9784,5424,8.202744208974764,0.0383459589793346,0.7680922897597234,0.4268572338006559,0.6007212386189307
46,HistGradientBoosting,Sigma-Solv,47,88054,9784,5424,14.266419709019829,0.0594131249818019,0.7552276405379654,0.4393880800839741,0.6171583083499097
47,HistGradientBoosting,Sigma-Solv,47,88054,9784,5424,13.066923333040904,0.0532591669471003,0.7717952512294449,0.4269664613459296,0.5959059634748316
48,HistGradientBoosting,Sigma-Solv,47,88054,9784,5424,7.431532207992859,0.0397513749776408,0.7675336805986763,0.4309940253119823,0.6014442989996583
49,HistGradientBoosting,Sigma-Solv,47,88054,9784,5424,7.617721332993824,0.0337667919811792,0.7624224619284058,0.4307328139761621,0.6080203032457919
50,HistGradientBoosting,Sigma-Solv,47,88054,9784,5424,8.334262166987173,0.0350780420121736,0.7824903299914221,0.4147282369319495,0.5817744946663728
51,HistGradientBoosting,Sigma-Solv,47,88054,9784,5424,7.959793125046417,0.0360743750352412,0.780999879631973,0.4194651272819579,0.5837643502113118
52,HistGradientBoosting,Sigma-Solv,47,88054,9784,5424,8.454454707971308,0.037613250024151,0.7836295192922363,0.4153272141003929,0.5802489961994345
53,HistGradientBoosting,Sigma-Solv,47,88054,9784,5424,8.693406749982387,0.0373436250374652,0.7651016163045282,0.4240652213138859,0.6045822702612564
54,HistGradientBoosting,Sigma-Solv,47,88054,9784,5424,8.562620749988127,0.0352472499944269,0.7685171526496718,0.4235479380424603,0.6001707153886201
55,HistGradientBoosting,Sigma-Solv,47,88054,9784,5424,13.372897540975828,0.0543134170002304,0.7792211935685824,0.4209247567213323,0.5861301793567913
56,HistGradientBoosting,Sigma-Solv,47,88054,9784,5424,13.62371637497563,0.0504500840324908,0.7729235103984621,0.4220415436305991,0.5944310392013834
57,HistGradientBoosting,Sigma-Solv,47,88054,9784,5424,8.62229520897381,0.0382780419895425,0.7889848486147027,0.4100642200710684,0.5730232094075449
58,HistGradientBoosting,Sigma-Solv,47,88054,9784,5424,8.51876495796023,0.0358833339996635,0.7816151905476314,0.4183508498342101,0.5829436903086015
59,HistGradientBoosting,Sigma-Solv,47,88054,9784,5424,8.468436542025302,0.0379594999831169,0.7854998042667711,0.4136590956416317,0.5777357459549851
60,HistGradientBoosting,Sigma-Solv,47,88054,9784,5424,8.588564374949783,0.0360539999674074,0.7703445178809042,0.4270709584195875,0.5977970964745423
61,HistGradientBoosting,Sigma-Solv,47,88054,9784,5424,8.31283979199361,0.0364862499991431,0.7665985337858009,0.4290651026746463,0.6026528057250784
42,HistGradientBoosting,CAT-Solv-47,47,88054,9784,5424,9.057868833013345,0.0447558749583549,0.804517512213905,0.391903996631645,0.5515302299251125
43,HistGradientBoosting,CAT-Solv-47,47,88054,9784,5424,9.167711290996522,0.0368596659973263,0.7826162808958865,0.4098043782392055,0.5816060294332979
44,HistGradientBoosting,CAT-Solv-47,47,88054,9784,5424,8.566227458009962,0.0367110000224784,0.7938286398117366,0.403356732721835,0.5664082375942929
45,HistGradientBoosting,CAT-Solv-47,47,88054,9784,5424,7.875782041053753,0.0571294999681413,0.7979851737788018,0.3925586204283582,0.5606696078304909
46,HistGradientBoosting,CAT-Solv-47,47,88054,9784,5424,14.024032624962274,0.0514572089887224,0.7964504429082968,0.3999877905729509,0.5627953152929251
47,HistGradientBoosting,CAT-Solv-47,47,88054,9784,5424,7.8954237080179155,0.0347161659738048,0.79164109547722,0.4088389062998624,0.5694051955378294
48,HistGradientBoosting,CAT-Solv-47,47,88054,9784,5424,7.605574749992229,0.0343629999551922,0.8077082859556763,0.3946760535023187,0.5470105193639094
49,HistGradientBoosting,CAT-Solv-47,47,88054,9784,5424,7.635462500038557,0.0341372910188511,0.7839897170897521,0.4097952981790331,0.5797658169180911
50,HistGradientBoosting,CAT-Solv-47,47,88054,9784,5424,7.992927166982554,0.035089417011477,0.7901126301093322,0.4037864550284382,0.5714898816939027
51,HistGradientBoosting,CAT-Solv-47,47,88054,9784,5424,7.943979499978013,0.0343350839684717,0.8007619437541347,0.3963294092824515,0.5568029671395015
52,HistGradientBoosting,CAT-Solv-47,47,88054,9784,5424,8.513171292026527,0.0414398330030962,0.7986862791719238,0.392743429598674,0.5596958423252997
53,HistGradientBoosting,CAT-Solv-47,47,88054,9784,5424,7.929242667043582,0.0368321249843575,0.797849089799495,0.3944169610050484,0.5608584189880998
54,HistGradientBoosting,CAT-Solv-47,47,88054,9784,5424,13.15750162495533,0.0528607080341316,0.7909298774916923,0.4048032885862026,0.5703761792849557
55,HistGradientBoosting,CAT-Solv-47,47,88054,9784,5424,13.27782516600564,0.0532742080395109,0.7904160504254348,0.4042037888836469,0.5710766496952149
56,HistGradientBoosting,CAT-Solv-47,47,88054,9784,5424,15.605417041981127,0.0509290000190958,0.7964607685474003,0.3950376134585756,0.5627810404030715
57,HistGradientBoosting,CAT-Solv-47,47,88054,9784,5424,8.971887291001622,0.038179958006367,0.7939753967339213,0.3995413234102679,0.5662066113178955
58,HistGradientBoosting,CAT-Solv-47,47,88054,9784,5424,8.563324709015433,0.0476573330233804,0.8011494381874498,0.3977074949170476,0.556261245687303
59,HistGradientBoosting,CAT-Solv-47,47,88054,9784,5424,10.834072416007984,0.0381389170070178,0.7923464980524164,0.4037741617197148,0.5684405129257583
60,HistGradientBoosting,CAT-Solv-47,47,88054,9784,5424,8.350954084016848,0.0384937499766238,0.7901557739200644,0.4019655702494645,0.5714311418123644
61,HistGradientBoosting,CAT-Solv-47,47,88054,9784,5424,13.524841292004568,0.0516517920186743,0.7919512772052877,0.3990254660807062,0.5689812038931019
