learner,candidate,reference,metric,mean_delta,std_delta,median_delta,wins,n_seeds
XGBoost,2D-Elec,2D-Min,R2,0.14151919186115264,0.023136533592418757,0.14324763417243958,20,20
XGBoost,2D-Elec,2D-Min,MAE,-0.11627596467733384,0.018577692211310493,-0.11839756369590759,20,20
XGBoost,2D-Elec,2D-Min,RMSE,-0.142260021735439,0.023023835766591817,-0.14334663937515146,20,20
XGBoost,Sigma-Solv,2D-Elec,R2,0.07315248847007752,0.01475330223889073,0.07035192847251892,20,20
XGBoost,Sigma-Solv,2D-Elec,MAE,-0.06663651764392853,0.014088113527522789,-0.06460012495517731,20,20
XGBoost,Sigma-Solv,2D-Elec,RMSE,-0.08623774173999406,0.01702971584565204,-0.08402208241277759,20,20
XGBoost,Sigma-Solv,2D-Min,R2,0.21467168033123016,0.018392948175656818,0.21504133939743042,20,20
XGBoost,Sigma-Solv,2D-Min,MAE,-0.18291248232126237,0.013897464743375018,-0.18296442925930023,20,20
XGBoost,Sigma-Solv,2D-Min,RMSE,-0.22849776347543305,0.017705130236837882,-0.2298805380033913,20,20
XGBoost,CAT-Solv-47,Sigma-Solv,R2,0.03246672451496124,0.009078769692730481,0.032436639070510864,20,20
XGBoost,CAT-Solv-47,Sigma-Solv,MAE,-0.029785959422588347,0.009016083500902886,-0.030507788062095642,20,20
XGBoost,CAT-Solv-47,Sigma-Solv,RMSE,-0.04248842715372,0.012014680768360105,-0.04195574878360159,20,20
XGBoost,CAT-Solv-47,2D-Elec,R2,0.10561921298503876,0.017913494629283176,0.10528963804244995,20,20
XGBoost,CAT-Solv-47,2D-Elec,MAE,-0.09642247706651688,0.017108244884141054,-0.09543877840042114,20,20
XGBoost,CAT-Solv-47,2D-Elec,RMSE,-0.12872616889371408,0.02156252241494215,-0.12779833725469442,20,20
XGBoost,CAT-Solv-47,2D-Min,R2,0.2471384048461914,0.021931237426653198,0.24807903170585632,20,20
XGBoost,CAT-Solv-47,2D-Min,MAE,-0.21269844174385072,0.017097040794903675,-0.21291156113147736,20,20
XGBoost,CAT-Solv-47,2D-Min,RMSE,-0.270986190629153,0.022529744838085734,-0.2717307400696669,20,20
RandomForest,2D-Elec,2D-Min,R2,0.09678727533433969,0.008777258205707544,0.09579201305630786,20,20
RandomForest,2D-Elec,2D-Min,MAE,-0.07553789766661692,0.006383482717253514,-0.07507849083450363,20,20
RandomForest,2D-Elec,2D-Min,RMSE,-0.08913800498840882,0.007989131195278672,-0.08826521542598442,20,20
RandomForest,Sigma-Solv,2D-Elec,R2,0.12643920643389878,0.005602405461644358,0.12674174323726123,20,20
RandomForest,Sigma-Solv,2D-Elec,MAE,-0.09527645068425403,0.003755032106962519,-0.09412974033095975,20,20
RandomForest,Sigma-Solv,2D-Elec,RMSE,-0.13419978341051167,0.005993248845079849,-0.1344062112373649,20,20
RandomForest,Sigma-Solv,2D-Min,R2,0.22322648176823848,0.009635709958147578,0.22344004605941126,20,20
RandomForest,Sigma-Solv,2D-Min,MAE,-0.1708143483508709,0.006551317761318744,-0.1699604667138073,20,20
RandomForest,Sigma-Solv,2D-Min,RMSE,-0.22333778839892054,0.009516280989117502,-0.22439723008062873,20,20
RandomForest,CAT-Solv-47,Sigma-Solv,R2,-0.039526822356004285,0.006367074485045297,-0.03932782996620221,0,20
RandomForest,CAT-Solv-47,Sigma-Solv,MAE,0.03794534519659855,0.007332090711864288,0.03674119655582242,0,20
RandomForest,CAT-Solv-47,Sigma-Solv,RMSE,0.044667096174450034,0.007112261049755509,0.044396027536308336,0,20
RandomForest,CAT-Solv-47,2D-Elec,R2,0.0869123840778945,0.007876561465261745,0.08749915671612712,20,20
RandomForest,CAT-Solv-47,2D-Elec,MAE,-0.05733110548765548,0.008105935309862795,-0.06084765500177766,20,20
RandomForest,CAT-Solv-47,2D-Elec,RMSE,-0.08953268723606161,0.008277842918799972,-0.09012714028989216,20,20
RandomForest,CAT-Solv-47,2D-Min,R2,0.18369965941223415,0.008455112175894555,0.1839084995912213,20,20
RandomForest,CAT-Solv-47,2D-Min,MAE,-0.13286900315427236,0.007734073462152472,-0.13525838333341786,20,20
RandomForest,CAT-Solv-47,2D-Min,RMSE,-0.17867069222447043,0.008319219587616089,-0.17946409332999597,20,20
ExtraTrees,2D-Elec,2D-Min,R2,0.06417246060628486,0.005219187635335514,0.06468972106193904,20,20
ExtraTrees,2D-Elec,2D-Min,MAE,-0.044781132406575344,0.00335888952119675,-0.04456280513682631,20,20
ExtraTrees,2D-Elec,2D-Min,RMSE,-0.06166550264000452,0.004942837189918809,-0.06201754554098493,20,20
ExtraTrees,Sigma-Solv,2D-Elec,R2,0.11675281092023808,0.006251123293703929,0.11572269386489614,20,20
ExtraTrees,Sigma-Solv,2D-Elec,MAE,-0.10083748351249758,0.0049816238769585935,-0.10035521315708096,20,20
ExtraTrees,Sigma-Solv,2D-Elec,RMSE,-0.12702765133697794,0.007268523115475575,-0.1258752823290663,20,20
ExtraTrees,Sigma-Solv,2D-Min,R2,0.18092527152652296,0.005580184238681037,0.18053012220109543,20,20
ExtraTrees,Sigma-Solv,2D-Min,MAE,-0.14561861591907294,0.0036840764246427594,-0.14477692425674477,20,20
ExtraTrees,Sigma-Solv,2D-Min,RMSE,-0.18869315397698244,0.006271802148204797,-0.18808631150193406,20,20
ExtraTrees,CAT-Solv-47,Sigma-Solv,R2,0.026360771044340266,0.007767700925815677,0.026665850211488873,20,20
ExtraTrees,CAT-Solv-47,Sigma-Solv,MAE,-0.016332804048376476,0.005539005159117728,-0.016646376203895696,20,20
ExtraTrees,CAT-Solv-47,Sigma-Solv,RMSE,-0.03224955142627887,0.009461877719094885,-0.03266736057343472,20,20
ExtraTrees,CAT-Solv-47,2D-Elec,R2,0.14311358196457835,0.00557871205339986,0.14293530482886208,20,20
ExtraTrees,CAT-Solv-47,2D-Elec,MAE,-0.11717028756087404,0.004931565217976202,-0.11777779501071872,20,20
ExtraTrees,CAT-Solv-47,2D-Elec,RMSE,-0.1592772027632568,0.006409517382941321,-0.158549754404682,20,20
ExtraTrees,CAT-Solv-47,2D-Min,R2,0.20728604257086322,0.006832545382455129,0.20839850092748147,20,20
ExtraTrees,CAT-Solv-47,2D-Min,MAE,-0.1619514199674494,0.0053018391963677875,-0.1618606097497303,20,20
ExtraTrees,CAT-Solv-47,2D-Min,RMSE,-0.22094270540326133,0.007286532744905145,-0.22188953621531649,20,20
HistGradientBoosting,2D-Elec,2D-Min,R2,0.09972827360340127,0.03329139928895105,0.10496635036278229,20,20
HistGradientBoosting,2D-Elec,2D-Min,MAE,-0.08879389064835112,0.020876524145425845,-0.09067721091636705,20,20
HistGradientBoosting,2D-Elec,2D-Min,RMSE,-0.0932963947774759,0.03084567838431825,-0.09775761102600566,20,20
HistGradientBoosting,Sigma-Solv,2D-Elec,R2,0.1695438360570301,0.020183188978535292,0.16502528788768522,20,20
HistGradientBoosting,Sigma-Solv,2D-Elec,MAE,-0.14228377465456205,0.014988458594196353,-0.1414056039191632,20,20
HistGradientBoosting,Sigma-Solv,2D-Elec,RMSE,-0.19137873200698322,0.02104810179924289,-0.18499189781280184,20,20
HistGradientBoosting,Sigma-Solv,2D-Min,R2,0.2692721096604314,0.027101347620124634,0.27169021578617486,20,20
HistGradientBoosting,Sigma-Solv,2D-Min,MAE,-0.23107766530291318,0.019225312637589646,-0.23467956888214703,20,20
HistGradientBoosting,Sigma-Solv,2D-Min,RMSE,-0.2846751267844591,0.026077351384498647,-0.28883131825763025,20,20
HistGradientBoosting,CAT-Solv-47,Sigma-Solv,R2,0.020776709787957304,0.01050010297494299,0.02048653192521932,20,20
HistGradientBoosting,CAT-Solv-47,Sigma-Solv,MAE,-0.022878100820717097,0.008957746824166852,-0.021760650149423966,20,20
HistGradientBoosting,CAT-Solv-47,Sigma-Solv,RMSE,-0.02786902545690954,0.014010676886492754,-0.027607934699755532,20,20
HistGradientBoosting,CAT-Solv-47,2D-Elec,R2,0.19032054584498742,0.02133834892401742,0.18840336757188053,20,20
HistGradientBoosting,CAT-Solv-47,2D-Elec,MAE,-0.16516187547527914,0.016259368996194585,-0.16348911998247548,20,20
HistGradientBoosting,CAT-Solv-47,2D-Elec,RMSE,-0.21924775746389277,0.022373370690984697,-0.21534597576391368,20,20
HistGradientBoosting,CAT-Solv-47,2D-Min,R2,0.2900488194483887,0.02553561242866268,0.2880263612863051,20,20
HistGradientBoosting,CAT-Solv-47,2D-Min,MAE,-0.25395576612363024,0.018392849202615278,-0.2543366718140163,20,20
HistGradientBoosting,CAT-Solv-47,2D-Min,RMSE,-0.3125441522413686,0.02393645917296381,-0.3102587028784155,20,20
